{"model":{"entries":[{"model":{"model":"modelengine:pet_frost_wolf/body","tints":[{"default":-1,"type":"minecraft:dye"}],"type":"minecraft:model"},"threshold":1},{"model":{"model":"modelengine:pet_ice_dragon/body","tints":[{"default":-1,"type":"minecraft:dye"}],"type":"minecraft:model"},"threshold":2},{"model":{"model":"modelengine:pet_hellhound/body","tints":[{"default":-1,"type":"minecraft:dye"}],"type":"minecraft:model"},"threshold":3},{"model":{"model":"modelengine:pet_kitsune/body","tints":[{"default":-1,"type":"minecraft:dye"}],"type":"minecraft:model"},"threshold":4},{"model":{"model":"modelengine:pet_angel/body","tints":[{"default":-1,"type":"minecraft:dye"}],"type":"minecraft:model"},"threshold":5},{"model":{"model":"modelengine:pet_dark_kitsune/body","tints":[{"default":-1,"type":"minecraft:dye"}],"type":"minecraft:model"},"threshold":6},{"model":{"model":"modelengine:pet_fire_dragon/body","tints":[{"default":-1,"type":"minecraft:dye"}],"type":"minecraft:model"},"threshold":7},{"model":{"model":"modelengine:pet_demon/body","tints":[{"default":-1,"type":"minecraft:dye"}],"type":"minecraft:model"},"threshold":8},{"model":{"model":"modelengine:pet_eagle/body","tints":[{"default":-1,"type":"minecraft:dye"}],"type":"minecraft:model"},"threshold":9},{"model":{"model":"modelengine:pet_aether_dragon/body","tints":[{"default":-1,"type":"minecraft:dye"}],"type":"minecraft:model"},"threshold":10},{"model":{"model":"modelengine:pet_kitsune/right_ear","tints":[{"default":-1,"type":"minecraft:dye"}],"type":"minecraft:model"},"threshold":11},{"model":{"model":"modelengine:pet_ice_dragon/left_arm","tints":[{"default":-1,"type":"minecraft:dye"}],"type":"minecraft:model"},"threshold":12},{"model":{"model":"modelengine:pet_kitsune/left_arm","tints":[{"default":-1,"type":"minecraft:dye"}],"type":"minecraft:model"},"threshold":13},{"model":{"model":"modelengine:pet_frost_wolf/left_ear","tints":[{"default":-1,"type":"minecraft:dye"}],"type":"minecraft:model"},"threshold":14},{"model":{"model":"modelengine:pet_eagle/right_wing","tints":[{"default":-1,"type":"minecraft:dye"}],"type":"minecraft:model"},"threshold":15},{"model":{"model":"modelengine:pet_frost_wolf/tail","tints":[{"default":-1,"type":"minecraft:dye"}],"type":"minecraft:model"},"threshold":16},{"model":{"model":"modelengine:pet_aether_dragon/left_arm","tints":[{"default":-1,"type":"minecraft:dye"}],"type":"minecraft:model"},"threshold":17},{"model":{"model":"modelengine:pet_frost_wolf/left_arm","tints":[{"default":-1,"type":"minecraft:dye"}],"type":"minecraft:model"},"threshold":18},{"model":{"model":"modelengine:pet_eagle/left_wing","tints":[{"default":-1,"type":"minecraft:dye"}],"type":"minecraft:model"},"threshold":19},{"model":{"model":"modelengine:pet_frost_wolf/left_leg","tints":[{"default":-1,"type":"minecraft:dye"}],"type":"minecraft:model"},"threshold":20},{"model":{"model":"modelengine:pet_eagle/tail","tints":[{"default":-1,"type":"minecraft:dye"}],"type":"minecraft:model"},"threshold":21},{"model":{"model":"modelengine:pet_frost_wolf/right_leg","tints":[{"default":-1,"type":"minecraft:dye"}],"type":"minecraft:model"},"threshold":22},{"model":{"model":"modelengine:pet_eagle/left_leg","tints":[{"default":-1,"type":"minecraft:dye"}],"type":"minecraft:model"},"threshold":23},{"model":{"model":"modelengine:pet_frost_wolf/right_arm","tints":[{"default":-1,"type":"minecraft:dye"}],"type":"minecraft:model"},"threshold":24},{"model":{"model":"modelengine:pet_eagle/right_leg","tints":[{"default":-1,"type":"minecraft:dye"}],"type":"minecraft:model"},"threshold":25},{"model":{"model":"modelengine:pet_frost_wolf/right_ear","tints":[{"default":-1,"type":"minecraft:dye"}],"type":"minecraft:model"},"threshold":26},{"model":{"model":"modelengine:pet_eagle/right_wing_end","tints":[{"default":-1,"type":"minecraft:dye"}],"type":"minecraft:model"},"threshold":27},{"model":{"model":"modelengine:pet_eagle/left_wing_end","tints":[{"default":-1,"type":"minecraft:dye"}],"type":"minecraft:model"},"threshold":28},{"model":{"model":"modelengine:pet_angel/left_arm","tints":[{"default":-1,"type":"minecraft:dye"}],"type":"minecraft:model"},"threshold":29},{"model":{"model":"modelengine:pet_hellhound/left_ear","tints":[{"default":-1,"type":"minecraft:dye"}],"type":"minecraft:model"},"threshold":30},{"model":{"model":"modelengine:pet_angel/right_arm","tints":[{"default":-1,"type":"minecraft:dye"}],"type":"minecraft:model"},"threshold":31},{"model":{"model":"modelengine:pet_hellhound/tail","tints":[{"default":-1,"type":"minecraft:dye"}],"type":"minecraft:model"},"threshold":32},{"model":{"model":"modelengine:pet_hellhound/left_arm","tints":[{"default":-1,"type":"minecraft:dye"}],"type":"minecraft:model"},"threshold":33},{"model":{"model":"modelengine:pet_angel/left_wing","tints":[{"default":-1,"type":"minecraft:dye"}],"type":"minecraft:model"},"threshold":34},{"model":{"model":"modelengine:pet_hellhound/left_leg","tints":[{"default":-1,"type":"minecraft:dye"}],"type":"minecraft:model"},"threshold":35},{"model":{"model":"modelengine:pet_angel/right_leg","tints":[{"default":-1,"type":"minecraft:dye"}],"type":"minecraft:model"},"threshold":36},{"model":{"model":"modelengine:pet_hellhound/right_leg","tints":[{"default":-1,"type":"minecraft:dye"}],"type":"minecraft:model"},"threshold":37},{"model":{"model":"modelengine:pet_angel/ring","tints":[{"default":-1,"type":"minecraft:dye"}],"type":"minecraft:model"},"threshold":38},{"model":{"model":"modelengine:pet_hellhound/right_arm","tints":[{"default":-1,"type":"minecraft:dye"}],"type":"minecraft:model"},"threshold":39},{"model":{"model":"modelengine:pet_hellhound/right_ear","tints":[{"default":-1,"type":"minecraft:dye"}],"type":"minecraft:model"},"threshold":40},{"model":{"model":"modelengine:pet_angel/left_leg","tints":[{"default":-1,"type":"minecraft:dye"}],"type":"minecraft:model"},"threshold":41},{"model":{"model":"modelengine:pet_fire_dragon/left_arm","tints":[{"default":-1,"type":"minecraft:dye"}],"type":"minecraft:model"},"threshold":42},{"model":{"model":"modelengine:pet_angel/right_wing","tints":[{"default":-1,"type":"minecraft:dye"}],"type":"minecraft:model"},"threshold":43},{"model":{"model":"modelengine:pet_fire_dragon/right_wing","tints":[{"default":-1,"type":"minecraft:dye"}],"type":"minecraft:model"},"threshold":44},{"model":{"model":"modelengine:pet_angel/left_wing_end","tints":[{"default":-1,"type":"minecraft:dye"}],"type":"minecraft:model"},"threshold":45},{"model":{"model":"modelengine:pet_fire_dragon/left_leg","tints":[{"default":-1,"type":"minecraft:dye"}],"type":"minecraft:model"},"threshold":46},{"model":{"model":"modelengine:pet_angel/right_wing_end","tints":[{"default":-1,"type":"minecraft:dye"}],"type":"minecraft:model"},"threshold":47},{"model":{"model":"modelengine:pet_fire_dragon/right_leg","tints":[{"default":-1,"type":"minecraft:dye"}],"type":"minecraft:model"},"threshold":48},{"model":{"model":"modelengine:pet_fire_dragon/right_arm","tints":[{"default":-1,"type":"minecraft:dye"}],"type":"minecraft:model"},"threshold":49},{"model":{"model":"modelengine:pet_dark_kitsune/right_ear","tints":[{"default":-1,"type":"minecraft:dye"}],"type":"minecraft:model"},"threshold":50},{"model":{"model":"modelengine:pet_fire_dragon/tail","tints":[{"default":-1,"type":"minecraft:dye"}],"type":"minecraft:model"},"threshold":51},{"model":{"model":"modelengine:pet_dark_kitsune/left_arm","tints":[{"default":-1,"type":"minecraft:dye"}],"type":"minecraft:model"},"threshold":52},{"model":{"model":"modelengine:pet_fire_dragon/jaw","tints":[{"default":-1,"type":"minecraft:dye"}],"type":"minecraft:model"},"threshold":53},{"model":{"model":"modelengine:pet_dark_kitsune/right_tail","tints":[{"default":-1,"type":"minecraft:dye"}],"type":"minecraft:model"},"threshold":54},{"model":{"model":"modelengine:pet_fire_dragon/left_wing","tints":[{"default":-1,"type":"minecraft:dye"}],"type":"minecraft:model"},"threshold":55},{"model":{"model":"modelengine:pet_dark_kitsune/left_ear","tints":[{"default":-1,"type":"minecraft:dye"}],"type":"minecraft:model"},"threshold":56},{"model":{"model":"modelengine:pet_fire_dragon/right_wing_end","tints":[{"default":-1,"type":"minecraft:dye"}],"type":"minecraft:model"},"threshold":57},{"model":{"model":"modelengine:pet_dark_kitsune/tail","tints":[{"default":-1,"type":"minecraft:dye"}],"type":"minecraft:model"},"threshold":58},{"model":{"model":"modelengine:pet_fire_dragon/tail_end","tints":[{"default":-1,"type":"minecraft:dye"}],"type":"minecraft:model"},"threshold":59},{"model":{"model":"modelengine:pet_dark_kitsune/right_arm","tints":[{"default":-1,"type":"minecraft:dye"}],"type":"minecraft:model"},"threshold":60},{"model":{"model":"modelengine:pet_fire_dragon/left_wing_end","tints":[{"default":-1,"type":"minecraft:dye"}],"type":"minecraft:model"},"threshold":61},{"model":{"model":"modelengine:pet_dark_kitsune/right_leg","tints":[{"default":-1,"type":"minecraft:dye"}],"type":"minecraft:model"},"threshold":62},{"model":{"model":"modelengine:pet_dark_kitsune/left_tail","tints":[{"default":-1,"type":"minecraft:dye"}],"type":"minecraft:model"},"threshold":63},{"model":{"model":"modelengine:pet_dark_kitsune/left_leg","tints":[{"default":-1,"type":"minecraft:dye"}],"type":"minecraft:model"},"threshold":64},{"model":{"model":"modelengine:pet_dark_kitsune/right_tail_end","tints":[{"default":-1,"type":"minecraft:dye"}],"type":"minecraft:model"},"threshold":65},{"model":{"model":"modelengine:pet_demon/left_arm","tints":[{"default":-1,"type":"minecraft:dye"}],"type":"minecraft:model"},"threshold":66},{"model":{"model":"modelengine:pet_dark_kitsune/tail_end","tints":[{"default":-1,"type":"minecraft:dye"}],"type":"minecraft:model"},"threshold":67},{"model":{"model":"modelengine:pet_dark_kitsune/left_tail_end","tints":[{"default":-1,"type":"minecraft:dye"}],"type":"minecraft:model"},"threshold":68},{"model":{"model":"modelengine:pet_demon/right_arm","tints":[{"default":-1,"type":"minecraft:dye"}],"type":"minecraft:model"},"threshold":69},{"model":{"model":"modelengine:pet_demon/left_wing","tints":[{"default":-1,"type":"minecraft:dye"}],"type":"minecraft:model"},"threshold":70},{"model":{"model":"modelengine:pet_demon/right_leg","tints":[{"default":-1,"type":"minecraft:dye"}],"type":"minecraft:model"},"threshold":71},{"model":{"model":"modelengine:pet_demon/left_leg","tints":[{"default":-1,"type":"minecraft:dye"}],"type":"minecraft:model"},"threshold":72},{"model":{"model":"modelengine:pet_demon/right_wing","tints":[{"default":-1,"type":"minecraft:dye"}],"type":"minecraft:model"},"threshold":73},{"model":{"model":"modelengine:pet_demon/left_wing_end","tints":[{"default":-1,"type":"minecraft:dye"}],"type":"minecraft:model"},"threshold":74},{"model":{"model":"modelengine:pet_demon/right_wing_end","tints":[{"default":-1,"type":"minecraft:dye"}],"type":"minecraft:model"},"threshold":75},{"model":{"model":"modelengine:pet_aether_dragon/right_wing","tints":[{"default":-1,"type":"minecraft:dye"}],"type":"minecraft:model"},"threshold":76},{"model":{"model":"modelengine:pet_aether_dragon/left_leg","tints":[{"default":-1,"type":"minecraft:dye"}],"type":"minecraft:model"},"threshold":77},{"model":{"model":"modelengine:pet_ice_dragon/right_wing","tints":[{"default":-1,"type":"minecraft:dye"}],"type":"minecraft:model"},"threshold":78},{"model":{"model":"modelengine:pet_aether_dragon/right_leg","tints":[{"default":-1,"type":"minecraft:dye"}],"type":"minecraft:model"},"threshold":79},{"model":{"model":"modelengine:pet_ice_dragon/left_leg","tints":[{"default":-1,"type":"minecraft:dye"}],"type":"minecraft:model"},"threshold":80},{"model":{"model":"modelengine:pet_aether_dragon/right_arm","tints":[{"default":-1,"type":"minecraft:dye"}],"type":"minecraft:model"},"threshold":81},{"model":{"model":"modelengine:pet_kitsune/right_tail","tints":[{"default":-1,"type":"minecraft:dye"}],"type":"minecraft:model"},"threshold":82},{"model":{"model":"modelengine:pet_ice_dragon/right_leg","tints":[{"default":-1,"type":"minecraft:dye"}],"type":"minecraft:model"},"threshold":83},{"model":{"model":"modelengine:pet_aether_dragon/tail","tints":[{"default":-1,"type":"minecraft:dye"}],"type":"minecraft:model"},"threshold":84},{"model":{"model":"modelengine:pet_ice_dragon/right_arm","tints":[{"default":-1,"type":"minecraft:dye"}],"type":"minecraft:model"},"threshold":85},{"model":{"model":"modelengine:pet_kitsune/left_ear","tints":[{"default":-1,"type":"minecraft:dye"}],"type":"minecraft:model"},"threshold":86},{"model":{"model":"modelengine:pet_ice_dragon/tail","tints":[{"default":-1,"type":"minecraft:dye"}],"type":"minecraft:model"},"threshold":87},{"model":{"model":"modelengine:pet_kitsune/tail","tints":[{"default":-1,"type":"minecraft:dye"}],"type":"minecraft:model"},"threshold":88},{"model":{"model":"modelengine:pet_ice_dragon/jaw","tints":[{"default":-1,"type":"minecraft:dye"}],"type":"minecraft:model"},"threshold":89},{"model":{"model":"modelengine:pet_kitsune/right_arm","tints":[{"default":-1,"type":"minecraft:dye"}],"type":"minecraft:model"},"threshold":90},{"model":{"model":"modelengine:pet_ice_dragon/left_wing","tints":[{"default":-1,"type":"minecraft:dye"}],"type":"minecraft:model"},"threshold":91},{"model":{"model":"modelengine:pet_kitsune/right_leg","tints":[{"default":-1,"type":"minecraft:dye"}],"type":"minecraft:model"},"threshold":92},{"model":{"model":"modelengine:pet_ice_dragon/right_wing_end","tints":[{"default":-1,"type":"minecraft:dye"}],"type":"minecraft:model"},"threshold":93},{"model":{"model":"modelengine:pet_kitsune/left_tail","tints":[{"default":-1,"type":"minecraft:dye"}],"type":"minecraft:model"},"threshold":94},{"model":{"model":"modelengine:pet_ice_dragon/tail_end","tints":[{"default":-1,"type":"minecraft:dye"}],"type":"minecraft:model"},"threshold":95},{"model":{"model":"modelengine:pet_kitsune/left_leg","tints":[{"default":-1,"type":"minecraft:dye"}],"type":"minecraft:model"},"threshold":96},{"model":{"model":"modelengine:pet_ice_dragon/left_wing_end","tints":[{"default":-1,"type":"minecraft:dye"}],"type":"minecraft:model"},"threshold":97},{"model":{"model":"modelengine:pet_kitsune/right_tail_end","tints":[{"default":-1,"type":"minecraft:dye"}],"type":"minecraft:model"},"threshold":98},{"model":{"model":"modelengine:pet_kitsune/tail_end","tints":[{"default":-1,"type":"minecraft:dye"}],"type":"minecraft:model"},"threshold":99},{"model":{"model":"modelengine:pet_aether_dragon/jaw","tints":[{"default":-1,"type":"minecraft:dye"}],"type":"minecraft:model"},"threshold":100},{"model":{"model":"modelengine:pet_kitsune/left_tail_end","tints":[{"default":-1,"type":"minecraft:dye"}],"type":"minecraft:model"},"threshold":101},{"model":{"model":"modelengine:pet_aether_dragon/left_wing","tints":[{"default":-1,"type":"minecraft:dye"}],"type":"minecraft:model"},"threshold":102},{"model":{"model":"modelengine:pet_aether_dragon/right_wing_end","tints":[{"default":-1,"type":"minecraft:dye"}],"type":"minecraft:model"},"threshold":103},{"model":{"model":"modelengine:pet_aether_dragon/tail_end","tints":[{"default":-1,"type":"minecraft:dye"}],"type":"minecraft:model"},"threshold":104},{"model":{"model":"modelengine:pet_aether_dragon/left_wing_end","tints":[{"default":-1,"type":"minecraft:dye"}],"type":"minecraft:model"},"threshold":105},{"model":{"model":"modelengine:pet_shuriken_ninja/body","tints":[{"default":-1,"type":"minecraft:dye"}],"type":"minecraft:model"},"threshold":106},{"model":{"model":"modelengine:pet_shuriken_ninja/left_arm","tints":[{"default":-1,"type":"minecraft:dye"}],"type":"minecraft:model"},"threshold":107},{"model":{"model":"modelengine:pet_shuriken_ninja/right_leg","tints":[{"default":-1,"type":"minecraft:dye"}],"type":"minecraft:model"},"threshold":108},{"model":{"model":"modelengine:pet_shuriken_ninja/right_arm","tints":[{"default":-1,"type":"minecraft:dye"}],"type":"minecraft:model"},"threshold":109},{"model":{"model":"modelengine:pet_shuriken_ninja/left_leg","tints":[{"default":-1,"type":"minecraft:dye"}],"type":"minecraft:model"},"threshold":110},{"model":{"model":"modelengine:pet_shuriken_ninja/weapon","tints":[{"default":-1,"type":"minecraft:dye"}],"type":"minecraft:model"},"threshold":111},{"model":{"model":"modelengine:pet_thunderbird/body","tints":[{"default":-1,"type":"minecraft:dye"}],"type":"minecraft:model"},"threshold":112},{"model":{"model":"modelengine:pet_thunderbird/right_wing","tints":[{"default":-1,"type":"minecraft:dye"}],"type":"minecraft:model"},"threshold":113},{"model":{"model":"modelengine:pet_thunderbird/left_wing","tints":[{"default":-1,"type":"minecraft:dye"}],"type":"minecraft:model"},"threshold":114},{"model":{"model":"modelengine:pet_thunderbird/tail","tints":[{"default":-1,"type":"minecraft:dye"}],"type":"minecraft:model"},"threshold":115},{"model":{"model":"modelengine:pet_thunderbird/left_leg","tints":[{"default":-1,"type":"minecraft:dye"}],"type":"minecraft:model"},"threshold":116},{"model":{"model":"modelengine:pet_thunderbird/right_leg","tints":[{"default":-1,"type":"minecraft:dye"}],"type":"minecraft:model"},"threshold":117},{"model":{"model":"modelengine:pet_thunderbird/right_wing_end","tints":[{"default":-1,"type":"minecraft:dye"}],"type":"minecraft:model"},"threshold":118},{"model":{"model":"modelengine:pet_thunderbird/left_wing_end","tints":[{"default":-1,"type":"minecraft:dye"}],"type":"minecraft:model"},"threshold":119},{"model":{"model":"modelengine:pet_phoenix/body","tints":[{"default":-1,"type":"minecraft:dye"}],"type":"minecraft:model"},"threshold":120},{"model":{"model":"modelengine:pet_phoenix/right_wing","tints":[{"default":-1,"type":"minecraft:dye"}],"type":"minecraft:model"},"threshold":121},{"model":{"model":"modelengine:pet_phoenix/left_wing","tints":[{"default":-1,"type":"minecraft:dye"}],"type":"minecraft:model"},"threshold":122},{"model":{"model":"modelengine:pet_phoenix/tail","tints":[{"default":-1,"type":"minecraft:dye"}],"type":"minecraft:model"},"threshold":123},{"model":{"model":"modelengine:pet_phoenix/left_leg","tints":[{"default":-1,"type":"minecraft:dye"}],"type":"minecraft:model"},"threshold":124},{"model":{"model":"modelengine:pet_phoenix/right_leg","tints":[{"default":-1,"type":"minecraft:dye"}],"type":"minecraft:model"},"threshold":125},{"model":{"model":"modelengine:pet_phoenix/right_wing_end","tints":[{"default":-1,"type":"minecraft:dye"}],"type":"minecraft:model"},"threshold":126},{"model":{"model":"modelengine:pet_phoenix/left_wing_end","tints":[{"default":-1,"type":"minecraft:dye"}],"type":"minecraft:model"},"threshold":127},{"model":{"model":"modelengine:pet_sai_ninja/body","tints":[{"default":-1,"type":"minecraft:dye"}],"type":"minecraft:model"},"threshold":128},{"model":{"model":"modelengine:pet_sai_ninja/left_arm","tints":[{"default":-1,"type":"minecraft:dye"}],"type":"minecraft:model"},"threshold":129},{"model":{"model":"modelengine:pet_sai_ninja/right_leg","tints":[{"default":-1,"type":"minecraft:dye"}],"type":"minecraft:model"},"threshold":130},{"model":{"model":"modelengine:pet_sai_ninja/right_arm","tints":[{"default":-1,"type":"minecraft:dye"}],"type":"minecraft:model"},"threshold":131},{"model":{"model":"modelengine:pet_sai_ninja/left_leg","tints":[{"default":-1,"type":"minecraft:dye"}],"type":"minecraft:model"},"threshold":132},{"model":{"model":"modelengine:pet_sai_ninja/weapon","tints":[{"default":-1,"type":"minecraft:dye"}],"type":"minecraft:model"},"threshold":133},{"model":{"model":"modelengine:pet_sai_ninja/weapon2","tints":[{"default":-1,"type":"minecraft:dye"}],"type":"minecraft:model"},"threshold":134},{"model":{"model":"modelengine:pet_samurai/body","tints":[{"default":-1,"type":"minecraft:dye"}],"type":"minecraft:model"},"threshold":135},{"model":{"model":"modelengine:pet_samurai/left_arm","tints":[{"default":-1,"type":"minecraft:dye"}],"type":"minecraft:model"},"threshold":136},{"model":{"model":"modelengine:pet_samurai/right_leg","tints":[{"default":-1,"type":"minecraft:dye"}],"type":"minecraft:model"},"threshold":137},{"model":{"model":"modelengine:pet_samurai/right_arm","tints":[{"default":-1,"type":"minecraft:dye"}],"type":"minecraft:model"},"threshold":138},{"model":{"model":"modelengine:pet_samurai/left_leg","tints":[{"default":-1,"type":"minecraft:dye"}],"type":"minecraft:model"},"threshold":139},{"model":{"model":"modelengine:pet_samurai/weapon","tints":[{"default":-1,"type":"minecraft:dye"}],"type":"minecraft:model"},"threshold":140},{"model":{"model":"modelengine:pet_lunar_wolf/body","tints":[{"default":-1,"type":"minecraft:dye"}],"type":"minecraft:model"},"threshold":141},{"model":{"model":"modelengine:pet_lunar_wolf/left_ear","tints":[{"default":-1,"type":"minecraft:dye"}],"type":"minecraft:model"},"threshold":142},{"model":{"model":"modelengine:pet_lunar_wolf/tail","tints":[{"default":-1,"type":"minecraft:dye"}],"type":"minecraft:model"},"threshold":143},{"model":{"model":"modelengine:pet_lunar_wolf/left_arm","tints":[{"default":-1,"type":"minecraft:dye"}],"type":"minecraft:model"},"threshold":144},{"model":{"model":"modelengine:pet_lunar_wolf/left_leg","tints":[{"default":-1,"type":"minecraft:dye"}],"type":"minecraft:model"},"threshold":145},{"model":{"model":"modelengine:pet_lunar_wolf/right_leg","tints":[{"default":-1,"type":"minecraft:dye"}],"type":"minecraft:model"},"threshold":146},{"model":{"model":"modelengine:pet_lunar_wolf/right_arm","tints":[{"default":-1,"type":"minecraft:dye"}],"type":"minecraft:model"},"threshold":147},{"model":{"model":"modelengine:pet_lunar_wolf/right_ear","tints":[{"default":-1,"type":"minecraft:dye"}],"type":"minecraft:model"},"threshold":148},{"model":{"model":"modelengine:pet_thunder_dragon/body","tints":[{"default":-1,"type":"minecraft:dye"}],"type":"minecraft:model"},"threshold":149},{"model":{"model":"modelengine:pet_thunder_dragon/left_arm","tints":[{"default":-1,"type":"minecraft:dye"}],"type":"minecraft:model"},"threshold":150},{"model":{"model":"modelengine:pet_thunder_dragon/right_wing","tints":[{"default":-1,"type":"minecraft:dye"}],"type":"minecraft:model"},"threshold":151},{"model":{"model":"modelengine:pet_thunder_dragon/left_leg","tints":[{"default":-1,"type":"minecraft:dye"}],"type":"minecraft:model"},"threshold":152},{"model":{"model":"modelengine:pet_thunder_dragon/right_leg","tints":[{"default":-1,"type":"minecraft:dye"}],"type":"minecraft:model"},"threshold":153},{"model":{"model":"modelengine:pet_thunder_dragon/right_arm","tints":[{"default":-1,"type":"minecraft:dye"}],"type":"minecraft:model"},"threshold":154},{"model":{"model":"modelengine:pet_thunder_dragon/tail","tints":[{"default":-1,"type":"minecraft:dye"}],"type":"minecraft:model"},"threshold":155},{"model":{"model":"modelengine:pet_thunder_dragon/jaw","tints":[{"default":-1,"type":"minecraft:dye"}],"type":"minecraft:model"},"threshold":156},{"model":{"model":"modelengine:pet_thunder_dragon/left_wing","tints":[{"default":-1,"type":"minecraft:dye"}],"type":"minecraft:model"},"threshold":157},{"model":{"model":"modelengine:pet_thunder_dragon/right_wing_end","tints":[{"default":-1,"type":"minecraft:dye"}],"type":"minecraft:model"},"threshold":158},{"model":{"model":"modelengine:pet_thunder_dragon/tail_end","tints":[{"default":-1,"type":"minecraft:dye"}],"type":"minecraft:model"},"threshold":159},{"model":{"model":"modelengine:pet_thunder_dragon/left_wing_end","tints":[{"default":-1,"type":"minecraft:dye"}],"type":"minecraft:model"},"threshold":160},{"model":{"model":"modelengine:pet_spirit_fox/body","tints":[{"default":-1,"type":"minecraft:dye"}],"type":"minecraft:model"},"threshold":161},{"model":{"model":"modelengine:pet_spirit_fox/right_ear","tints":[{"default":-1,"type":"minecraft:dye"}],"type":"minecraft:model"},"threshold":162},{"model":{"model":"modelengine:pet_spirit_fox/left_arm","tints":[{"default":-1,"type":"minecraft:dye"}],"type":"minecraft:model"},"threshold":163},{"model":{"model":"modelengine:pet_spirit_fox/left_ear","tints":[{"default":-1,"type":"minecraft:dye"}],"type":"minecraft:model"},"threshold":164},{"model":{"model":"modelengine:pet_spirit_fox/tail","tints":[{"default":-1,"type":"minecraft:dye"}],"type":"minecraft:model"},"threshold":165},{"model":{"model":"modelengine:pet_spirit_fox/right_arm","tints":[{"default":-1,"type":"minecraft:dye"}],"type":"minecraft:model"},"threshold":166},{"model":{"model":"modelengine:pet_spirit_fox/right_leg","tints":[{"default":-1,"type":"minecraft:dye"}],"type":"minecraft:model"},"threshold":167},{"model":{"model":"modelengine:pet_spirit_fox/left_leg","tints":[{"default":-1,"type":"minecraft:dye"}],"type":"minecraft:model"},"threshold":168},{"model":{"model":"modelengine:pet_spirit_fox/tail_end","tints":[{"default":-1,"type":"minecraft:dye"}],"type":"minecraft:model"},"threshold":169},{"model":{"model":"modelengine:internal_fire/fire_0","tints":[{"default":-1,"type":"minecraft:dye"}],"type":"minecraft:model"},"threshold":170},{"model":{"model":"modelengine:internal_fire/fire_1","tints":[{"default":-1,"type":"minecraft:dye"}],"type":"minecraft:model"},"threshold":171},{"model":{"model":"modelengine:pet_shadow_dragon/body","tints":[{"default":-1,"type":"minecraft:dye"}],"type":"minecraft:model"},"threshold":172},{"model":{"model":"modelengine:pet_shadow_dragon/left_arm","tints":[{"default":-1,"type":"minecraft:dye"}],"type":"minecraft:model"},"threshold":173},{"model":{"model":"modelengine:pet_shadow_dragon/right_wing","tints":[{"default":-1,"type":"minecraft:dye"}],"type":"minecraft:model"},"threshold":174},{"model":{"model":"modelengine:pet_shadow_dragon/left_leg","tints":[{"default":-1,"type":"minecraft:dye"}],"type":"minecraft:model"},"threshold":175},{"model":{"model":"modelengine:pet_shadow_dragon/right_leg","tints":[{"default":-1,"type":"minecraft:dye"}],"type":"minecraft:model"},"threshold":176},{"model":{"model":"modelengine:pet_shadow_dragon/right_arm","tints":[{"default":-1,"type":"minecraft:dye"}],"type":"minecraft:model"},"threshold":177},{"model":{"model":"modelengine:pet_shadow_dragon/tail","tints":[{"default":-1,"type":"minecraft:dye"}],"type":"minecraft:model"},"threshold":178},{"model":{"model":"modelengine:pet_shadow_dragon/jaw","tints":[{"default":-1,"type":"minecraft:dye"}],"type":"minecraft:model"},"threshold":179},{"model":{"model":"modelengine:pet_shadow_dragon/left_wing","tints":[{"default":-1,"type":"minecraft:dye"}],"type":"minecraft:model"},"threshold":180},{"model":{"model":"modelengine:pet_shadow_dragon/right_wing_end","tints":[{"default":-1,"type":"minecraft:dye"}],"type":"minecraft:model"},"threshold":181},{"model":{"model":"modelengine:pet_shadow_dragon/tail_end","tints":[{"default":-1,"type":"minecraft:dye"}],"type":"minecraft:model"},"threshold":182},{"model":{"model":"modelengine:pet_shadow_dragon/left_wing_end","tints":[{"default":-1,"type":"minecraft:dye"}],"type":"minecraft:model"},"threshold":183},{"model":{"model":"modelengine:pet_nature_dragon/body","tints":[{"default":-1,"type":"minecraft:dye"}],"type":"minecraft:model"},"threshold":184},{"model":{"model":"modelengine:pet_nature_dragon/left_arm","tints":[{"default":-1,"type":"minecraft:dye"}],"type":"minecraft:model"},"threshold":185},{"model":{"model":"modelengine:pet_nature_dragon/right_wing","tints":[{"default":-1,"type":"minecraft:dye"}],"type":"minecraft:model"},"threshold":186},{"model":{"model":"modelengine:pet_nature_dragon/left_leg","tints":[{"default":-1,"type":"minecraft:dye"}],"type":"minecraft:model"},"threshold":187},{"model":{"model":"modelengine:pet_nature_dragon/right_leg","tints":[{"default":-1,"type":"minecraft:dye"}],"type":"minecraft:model"},"threshold":188},{"model":{"model":"modelengine:pet_nature_dragon/right_arm","tints":[{"default":-1,"type":"minecraft:dye"}],"type":"minecraft:model"},"threshold":189},{"model":{"model":"modelengine:pet_nature_dragon/tail","tints":[{"default":-1,"type":"minecraft:dye"}],"type":"minecraft:model"},"threshold":190},{"model":{"model":"modelengine:pet_nature_dragon/jaw","tints":[{"default":-1,"type":"minecraft:dye"}],"type":"minecraft:model"},"threshold":191},{"model":{"model":"modelengine:pet_nature_dragon/left_wing","tints":[{"default":-1,"type":"minecraft:dye"}],"type":"minecraft:model"},"threshold":192},{"model":{"model":"modelengine:pet_nature_dragon/right_wing_end","tints":[{"default":-1,"type":"minecraft:dye"}],"type":"minecraft:model"},"threshold":193},{"model":{"model":"modelengine:pet_nature_dragon/tail_end","tints":[{"default":-1,"type":"minecraft:dye"}],"type":"minecraft:model"},"threshold":194},{"model":{"model":"modelengine:pet_nature_dragon/left_wing_end","tints":[{"default":-1,"type":"minecraft:dye"}],"type":"minecraft:model"},"threshold":195},{"model":{"model":"modelengine:wind_tornado/bone","tints":[{"default":-1,"type":"minecraft:dye"}],"type":"minecraft:model"},"threshold":196},{"model":{"model":"modelengine:pet_wind_dragon/body","tints":[{"default":-1,"type":"minecraft:dye"}],"type":"minecraft:model"},"threshold":197},{"model":{"model":"modelengine:pet_wind_dragon/left_arm","tints":[{"default":-1,"type":"minecraft:dye"}],"type":"minecraft:model"},"threshold":198},{"model":{"model":"modelengine:pet_wind_dragon/right_wing","tints":[{"default":-1,"type":"minecraft:dye"}],"type":"minecraft:model"},"threshold":199},{"model":{"model":"modelengine:pet_wind_dragon/left_leg","tints":[{"default":-1,"type":"minecraft:dye"}],"type":"minecraft:model"},"threshold":200},{"model":{"model":"modelengine:pet_wind_dragon/right_leg","tints":[{"default":-1,"type":"minecraft:dye"}],"type":"minecraft:model"},"threshold":201},{"model":{"model":"modelengine:pet_wind_dragon/right_arm","tints":[{"default":-1,"type":"minecraft:dye"}],"type":"minecraft:model"},"threshold":202},{"model":{"model":"modelengine:pet_wind_dragon/tail","tints":[{"default":-1,"type":"minecraft:dye"}],"type":"minecraft:model"},"threshold":203},{"model":{"model":"modelengine:pet_wind_dragon/jaw","tints":[{"default":-1,"type":"minecraft:dye"}],"type":"minecraft:model"},"threshold":204},{"model":{"model":"modelengine:pet_wind_dragon/left_wing","tints":[{"default":-1,"type":"minecraft:dye"}],"type":"minecraft:model"},"threshold":205},{"model":{"model":"modelengine:pet_wind_dragon/right_wing_end","tints":[{"default":-1,"type":"minecraft:dye"}],"type":"minecraft:model"},"threshold":206},{"model":{"model":"modelengine:pet_wind_dragon/tail_end","tints":[{"default":-1,"type":"minecraft:dye"}],"type":"minecraft:model"},"threshold":207},{"model":{"model":"modelengine:pet_wind_dragon/left_wing_end","tints":[{"default":-1,"type":"minecraft:dye"}],"type":"minecraft:model"},"threshold":208},{"model":{"model":"modelengine:pet_undead_dragon/body","tints":[{"default":-1,"type":"minecraft:dye"}],"type":"minecraft:model"},"threshold":209},{"model":{"model":"modelengine:pet_undead_dragon/left_arm","tints":[{"default":-1,"type":"minecraft:dye"}],"type":"minecraft:model"},"threshold":210},{"model":{"model":"modelengine:pet_undead_dragon/right_wing","tints":[{"default":-1,"type":"minecraft:dye"}],"type":"minecraft:model"},"threshold":211},{"model":{"model":"modelengine:pet_undead_dragon/left_leg","tints":[{"default":-1,"type":"minecraft:dye"}],"type":"minecraft:model"},"threshold":212},{"model":{"model":"modelengine:pet_undead_dragon/right_leg","tints":[{"default":-1,"type":"minecraft:dye"}],"type":"minecraft:model"},"threshold":213},{"model":{"model":"modelengine:pet_undead_dragon/right_arm","tints":[{"default":-1,"type":"minecraft:dye"}],"type":"minecraft:model"},"threshold":214},{"model":{"model":"modelengine:pet_undead_dragon/tail","tints":[{"default":-1,"type":"minecraft:dye"}],"type":"minecraft:model"},"threshold":215},{"model":{"model":"modelengine:pet_undead_dragon/jaw","tints":[{"default":-1,"type":"minecraft:dye"}],"type":"minecraft:model"},"threshold":216},{"model":{"model":"modelengine:pet_undead_dragon/left_wing","tints":[{"default":-1,"type":"minecraft:dye"}],"type":"minecraft:model"},"threshold":217},{"model":{"model":"modelengine:pet_undead_dragon/right_wing_end","tints":[{"default":-1,"type":"minecraft:dye"}],"type":"minecraft:model"},"threshold":218},{"model":{"model":"modelengine:pet_undead_dragon/tail_end","tints":[{"default":-1,"type":"minecraft:dye"}],"type":"minecraft:model"},"threshold":219},{"model":{"model":"modelengine:pet_undead_dragon/left_wing_end","tints":[{"default":-1,"type":"minecraft:dye"}],"type":"minecraft:model"},"threshold":220},{"model":{"model":"modelengine:cubee-kirin/efcircle1","tints":[{"default":-1,"type":"minecraft:dye"}],"type":"minecraft:model"},"threshold":221},{"model":{"model":"modelengine:cubee-kirin/efball1","tints":[{"default":-1,"type":"minecraft:dye"}],"type":"minecraft:model"},"threshold":222},{"model":{"model":"modelengine:cubee-kirin/efball4","tints":[{"default":-1,"type":"minecraft:dye"}],"type":"minecraft:model"},"threshold":223},{"model":{"model":"modelengine:cubee-kirin/magic_circle","tints":[{"default":-1,"type":"minecraft:dye"}],"type":"minecraft:model"},"threshold":224},{"model":{"model":"modelengine:cubee-kirin/efball5","tints":[{"default":-1,"type":"minecraft:dye"}],"type":"minecraft:model"},"threshold":225},{"model":{"model":"modelengine:cubee-kirin/efball3","tints":[{"default":-1,"type":"minecraft:dye"}],"type":"minecraft:model"},"threshold":226},{"model":{"model":"modelengine:cubee-kirin/efball2","tints":[{"default":-1,"type":"minecraft:dye"}],"type":"minecraft:model"},"threshold":227},{"model":{"model":"modelengine:cubee-kirin/head","tints":[{"default":-1,"type":"minecraft:dye"}],"type":"minecraft:model"},"threshold":228},{"model":{"model":"modelengine:cubee-kirin/bone2","tints":[{"default":-1,"type":"minecraft:dye"}],"type":"minecraft:model"},"threshold":229},{"model":{"model":"modelengine:cubee-kirin/bone","tints":[{"default":-1,"type":"minecraft:dye"}],"type":"minecraft:model"},"threshold":230},{"model":{"model":"modelengine:cubee-kirin/bone3","tints":[{"default":-1,"type":"minecraft:dye"}],"type":"minecraft:model"},"threshold":231},{"model":{"model":"modelengine:cubee-kirin/head2","tints":[{"default":-1,"type":"minecraft:dye"}],"type":"minecraft:model"},"threshold":232},{"model":{"model":"modelengine:cubee-kirin/body","tints":[{"default":-1,"type":"minecraft:dye"}],"type":"minecraft:model"},"threshold":233},{"model":{"model":"modelengine:cubee-kirin/rightleg","tints":[{"default":-1,"type":"minecraft:dye"}],"type":"minecraft:model"},"threshold":234},{"model":{"model":"modelengine:cubee-kirin/jaw","tints":[{"default":-1,"type":"minecraft:dye"}],"type":"minecraft:model"},"threshold":235},{"model":{"model":"modelengine:cubee-kirin/leftleg","tints":[{"default":-1,"type":"minecraft:dye"}],"type":"minecraft:model"},"threshold":236},{"model":{"model":"modelengine:cubee-kirin/rightleg2","tints":[{"default":-1,"type":"minecraft:dye"}],"type":"minecraft:model"},"threshold":237},{"model":{"model":"modelengine:cubee-kirin/leftleg2","tints":[{"default":-1,"type":"minecraft:dye"}],"type":"minecraft:model"},"threshold":238},{"model":{"model":"modelengine:cubee-kirin/lefteye","tints":[{"default":-1,"type":"minecraft:dye"}],"type":"minecraft:model"},"threshold":239},{"model":{"model":"modelengine:cubee-kirin/righteye","tints":[{"default":-1,"type":"minecraft:dye"}],"type":"minecraft:model"},"threshold":240},{"model":{"model":"modelengine:cubee-kirin/tail","tints":[{"default":-1,"type":"minecraft:dye"}],"type":"minecraft:model"},"threshold":241},{"model":{"model":"modelengine:cubee-kirin/jaw2","tints":[{"default":-1,"type":"minecraft:dye"}],"type":"minecraft:model"},"threshold":242},{"model":{"model":"modelengine:cubee-kirin/body2","tints":[{"default":-1,"type":"minecraft:dye"}],"type":"minecraft:model"},"threshold":243},{"model":{"model":"modelengine:cubee-kirin/leftpupil","tints":[{"default":-1,"type":"minecraft:dye"}],"type":"minecraft:model"},"threshold":244},{"model":{"model":"modelengine:cubee-kirin/rightpupil","tints":[{"default":-1,"type":"minecraft:dye"}],"type":"minecraft:model"},"threshold":245},{"model":{"model":"modelengine:cubee-kirin/tail2","tints":[{"default":-1,"type":"minecraft:dye"}],"type":"minecraft:model"},"threshold":246},{"model":{"model":"modelengine:cubee-kirin/body3","tints":[{"default":-1,"type":"minecraft:dye"}],"type":"minecraft:model"},"threshold":247},{"model":{"model":"modelengine:cubee-kirin/body4","tints":[{"default":-1,"type":"minecraft:dye"}],"type":"minecraft:model"},"threshold":248},{"model":{"model":"modelengine:cubee-kirin/body5","tints":[{"default":-1,"type":"minecraft:dye"}],"type":"minecraft:model"},"threshold":249},{"model":{"model":"modelengine:cubee-kirin/body6","tints":[{"default":-1,"type":"minecraft:dye"}],"type":"minecraft:model"},"threshold":250},{"model":{"model":"modelengine:cubee-kirin/body7","tints":[{"default":-1,"type":"minecraft:dye"}],"type":"minecraft:model"},"threshold":251},{"model":{"model":"modelengine:cubee-kirin/body8","tints":[{"default":-1,"type":"minecraft:dye"}],"type":"minecraft:model"},"threshold":252},{"model":{"model":"modelengine:cubee-kirin/body9","tints":[{"default":-1,"type":"minecraft:dye"}],"type":"minecraft:model"},"threshold":253},{"model":{"model":"modelengine:cubee-unicorn/efcircle3","tints":[{"default":-1,"type":"minecraft:dye"}],"type":"minecraft:model"},"threshold":254},{"model":{"model":"modelengine:cubee-unicorn/efball2","tints":[{"default":-1,"type":"minecraft:dye"}],"type":"minecraft:model"},"threshold":255},{"model":{"model":"modelengine:cubee-unicorn/efcircle2","tints":[{"default":-1,"type":"minecraft:dye"}],"type":"minecraft:model"},"threshold":256},{"model":{"model":"modelengine:cubee-unicorn/efball4","tints":[{"default":-1,"type":"minecraft:dye"}],"type":"minecraft:model"},"threshold":257},{"model":{"model":"modelengine:cubee-unicorn/efball5","tints":[{"default":-1,"type":"minecraft:dye"}],"type":"minecraft:model"},"threshold":258},{"model":{"model":"modelengine:cubee-unicorn/efcircle1","tints":[{"default":-1,"type":"minecraft:dye"}],"type":"minecraft:model"},"threshold":259},{"model":{"model":"modelengine:cubee-unicorn/efball3","tints":[{"default":-1,"type":"minecraft:dye"}],"type":"minecraft:model"},"threshold":260},{"model":{"model":"modelengine:cubee-unicorn/efball1","tints":[{"default":-1,"type":"minecraft:dye"}],"type":"minecraft:model"},"threshold":261},{"model":{"model":"modelengine:cubee-unicorn/head","tints":[{"default":-1,"type":"minecraft:dye"}],"type":"minecraft:model"},"threshold":262},{"model":{"model":"modelengine:cubee-unicorn/ef_impact1","tints":[{"default":-1,"type":"minecraft:dye"}],"type":"minecraft:model"},"threshold":263},{"model":{"model":"modelengine:cubee-unicorn/ef_impact3","tints":[{"default":-1,"type":"minecraft:dye"}],"type":"minecraft:model"},"threshold":264},{"model":{"model":"modelengine:cubee-unicorn/ef_impact2","tints":[{"default":-1,"type":"minecraft:dye"}],"type":"minecraft:model"},"threshold":265},{"model":{"model":"modelengine:cubee-unicorn/ef_impact4","tints":[{"default":-1,"type":"minecraft:dye"}],"type":"minecraft:model"},"threshold":266},{"model":{"model":"modelengine:cubee-unicorn/righteye","tints":[{"default":-1,"type":"minecraft:dye"}],"type":"minecraft:model"},"threshold":267},{"model":{"model":"modelengine:cubee-unicorn/leftleg","tints":[{"default":-1,"type":"minecraft:dye"}],"type":"minecraft:model"},"threshold":268},{"model":{"model":"modelengine:cubee-unicorn/rightleg","tints":[{"default":-1,"type":"minecraft:dye"}],"type":"minecraft:model"},"threshold":269},{"model":{"model":"modelengine:cubee-unicorn/rightear","tints":[{"default":-1,"type":"minecraft:dye"}],"type":"minecraft:model"},"threshold":270},{"model":{"model":"modelengine:cubee-unicorn/horn","tints":[{"default":-1,"type":"minecraft:dye"}],"type":"minecraft:model"},"threshold":271},{"model":{"model":"modelengine:cubee-unicorn/tail","tints":[{"default":-1,"type":"minecraft:dye"}],"type":"minecraft:model"},"threshold":272},{"model":{"model":"modelengine:cubee-unicorn/rightleg2","tints":[{"default":-1,"type":"minecraft:dye"}],"type":"minecraft:model"},"threshold":273},{"model":{"model":"modelengine:cubee-unicorn/leftleg2","tints":[{"default":-1,"type":"minecraft:dye"}],"type":"minecraft:model"},"threshold":274},{"model":{"model":"modelengine:cubee-unicorn/leftear","tints":[{"default":-1,"type":"minecraft:dye"}],"type":"minecraft:model"},"threshold":275},{"model":{"model":"modelengine:cubee-unicorn/lefteye","tints":[{"default":-1,"type":"minecraft:dye"}],"type":"minecraft:model"},"threshold":276},{"model":{"model":"modelengine:cubee-unicorn/rightpupil","tints":[{"default":-1,"type":"minecraft:dye"}],"type":"minecraft:model"},"threshold":277},{"model":{"model":"modelengine:cubee-unicorn/leftpupil","tints":[{"default":-1,"type":"minecraft:dye"}],"type":"minecraft:model"},"threshold":278},{"model":{"model":"modelengine:cubee-chimera/head","tints":[{"default":-1,"type":"minecraft:dye"}],"type":"minecraft:model"},"threshold":279},{"model":{"model":"modelengine:cubee-chimera/ef_flashv1_2","tints":[{"default":-1,"type":"minecraft:dye"}],"type":"minecraft:model"},"threshold":280},{"model":{"model":"modelengine:cubee-chimera/ef_flashv1_1","tints":[{"default":-1,"type":"minecraft:dye"}],"type":"minecraft:model"},"threshold":281},{"model":{"model":"modelengine:cubee-chimera/ef_flashv2_1","tints":[{"default":-1,"type":"minecraft:dye"}],"type":"minecraft:model"},"threshold":282},{"model":{"model":"modelengine:cubee-chimera/ef_thunder","tints":[{"default":-1,"type":"minecraft:dye"}],"type":"minecraft:model"},"threshold":283},{"model":{"model":"modelengine:cubee-chimera/leftleg","tints":[{"default":-1,"type":"minecraft:dye"}],"type":"minecraft:model"},"threshold":284},{"model":{"model":"modelengine:cubee-chimera/leftleg2","tints":[{"default":-1,"type":"minecraft:dye"}],"type":"minecraft:model"},"threshold":285},{"model":{"model":"modelengine:cubee-chimera/rightleg2","tints":[{"default":-1,"type":"minecraft:dye"}],"type":"minecraft:model"},"threshold":286},{"model":{"model":"modelengine:cubee-chimera/leftwing","tints":[{"default":-1,"type":"minecraft:dye"}],"type":"minecraft:model"},"threshold":287},{"model":{"model":"modelengine:cubee-chimera/jaw","tints":[{"default":-1,"type":"minecraft:dye"}],"type":"minecraft:model"},"threshold":288},{"model":{"model":"modelengine:cubee-chimera/tail1","tints":[{"default":-1,"type":"minecraft:dye"}],"type":"minecraft:model"},"threshold":289},{"model":{"model":"modelengine:cubee-chimera/lefteye","tints":[{"default":-1,"type":"minecraft:dye"}],"type":"minecraft:model"},"threshold":290},{"model":{"model":"modelengine:cubee-chimera/righteye","tints":[{"default":-1,"type":"minecraft:dye"}],"type":"minecraft:model"},"threshold":291},{"model":{"model":"modelengine:cubee-chimera/rightleg","tints":[{"default":-1,"type":"minecraft:dye"}],"type":"minecraft:model"},"threshold":292},{"model":{"model":"modelengine:cubee-chimera/rightwing","tints":[{"default":-1,"type":"minecraft:dye"}],"type":"minecraft:model"},"threshold":293},{"model":{"model":"modelengine:cubee-chimera/efcircle1","tints":[{"default":-1,"type":"minecraft:dye"}],"type":"minecraft:model"},"threshold":294},{"model":{"model":"modelengine:cubee-chimera/efcircle2","tints":[{"default":-1,"type":"minecraft:dye"}],"type":"minecraft:model"},"threshold":295},{"model":{"model":"modelengine:cubee-chimera/efcircle3","tints":[{"default":-1,"type":"minecraft:dye"}],"type":"minecraft:model"},"threshold":296},{"model":{"model":"modelengine:cubee-chimera/tail2","tints":[{"default":-1,"type":"minecraft:dye"}],"type":"minecraft:model"},"threshold":297},{"model":{"model":"modelengine:cubee-chimera/leftpupil","tints":[{"default":-1,"type":"minecraft:dye"}],"type":"minecraft:model"},"threshold":298},{"model":{"model":"modelengine:cubee-chimera/rightpupil","tints":[{"default":-1,"type":"minecraft:dye"}],"type":"minecraft:model"},"threshold":299},{"model":{"model":"modelengine:cubee-chimera/tail3","tints":[{"default":-1,"type":"minecraft:dye"}],"type":"minecraft:model"},"threshold":300},{"model":{"model":"modelengine:cubee-chimera/tail4","tints":[{"default":-1,"type":"minecraft:dye"}],"type":"minecraft:model"},"threshold":301},{"model":{"model":"modelengine:vfx-solar_guard/warn","tints":[{"default":-1,"type":"minecraft:dye"}],"type":"minecraft:model"},"threshold":302},{"model":{"model":"modelengine:vfx-solar_guard/efball21","tints":[{"default":-1,"type":"minecraft:dye"}],"type":"minecraft:model"},"threshold":303},{"model":{"model":"modelengine:vfx-solar_guard/efball22","tints":[{"default":-1,"type":"minecraft:dye"}],"type":"minecraft:model"},"threshold":304},{"model":{"model":"modelengine:vfx-solar_guard/efball1","tints":[{"default":-1,"type":"minecraft:dye"}],"type":"minecraft:model"},"threshold":305},{"model":{"model":"modelengine:vfx-solar_guard/efball10","tints":[{"default":-1,"type":"minecraft:dye"}],"type":"minecraft:model"},"threshold":306},{"model":{"model":"modelengine:vfx-solar_guard/efball5","tints":[{"default":-1,"type":"minecraft:dye"}],"type":"minecraft:model"},"threshold":307},{"model":{"model":"modelengine:vfx-solar_guard/efball6","tints":[{"default":-1,"type":"minecraft:dye"}],"type":"minecraft:model"},"threshold":308},{"model":{"model":"modelengine:vfx-solar_guard/efball7","tints":[{"default":-1,"type":"minecraft:dye"}],"type":"minecraft:model"},"threshold":309},{"model":{"model":"modelengine:vfx-solar_guard/efball15","tints":[{"default":-1,"type":"minecraft:dye"}],"type":"minecraft:model"},"threshold":310},{"model":{"model":"modelengine:vfx-solar_guard/efball13","tints":[{"default":-1,"type":"minecraft:dye"}],"type":"minecraft:model"},"threshold":311},{"model":{"model":"modelengine:vfx-solar_guard/efball9","tints":[{"default":-1,"type":"minecraft:dye"}],"type":"minecraft:model"},"threshold":312},{"model":{"model":"modelengine:vfx-solar_guard/efball14","tints":[{"default":-1,"type":"minecraft:dye"}],"type":"minecraft:model"},"threshold":313},{"model":{"model":"modelengine:vfx-solar_guard/efcircle1","tints":[{"default":-1,"type":"minecraft:dye"}],"type":"minecraft:model"},"threshold":314},{"model":{"model":"modelengine:vfx-solar_guard/efball8","tints":[{"default":-1,"type":"minecraft:dye"}],"type":"minecraft:model"},"threshold":315},{"model":{"model":"modelengine:vfx-solar_guard/efball18","tints":[{"default":-1,"type":"minecraft:dye"}],"type":"minecraft:model"},"threshold":316},{"model":{"model":"modelengine:vfx-solar_guard/efball4","tints":[{"default":-1,"type":"minecraft:dye"}],"type":"minecraft:model"},"threshold":317},{"model":{"model":"modelengine:vfx-solar_guard/efcircle4","tints":[{"default":-1,"type":"minecraft:dye"}],"type":"minecraft:model"},"threshold":318},{"model":{"model":"modelengine:vfx-solar_guard/efball16","tints":[{"default":-1,"type":"minecraft:dye"}],"type":"minecraft:model"},"threshold":319},{"model":{"model":"modelengine:vfx-solar_guard/efcircle3","tints":[{"default":-1,"type":"minecraft:dye"}],"type":"minecraft:model"},"threshold":320},{"model":{"model":"modelengine:vfx-solar_guard/efball2","tints":[{"default":-1,"type":"minecraft:dye"}],"type":"minecraft:model"},"threshold":321},{"model":{"model":"modelengine:vfx-solar_guard/efball17","tints":[{"default":-1,"type":"minecraft:dye"}],"type":"minecraft:model"},"threshold":322},{"model":{"model":"modelengine:vfx-solar_guard/efball19","tints":[{"default":-1,"type":"minecraft:dye"}],"type":"minecraft:model"},"threshold":323},{"model":{"model":"modelengine:vfx-solar_guard/efball3","tints":[{"default":-1,"type":"minecraft:dye"}],"type":"minecraft:model"},"threshold":324},{"model":{"model":"modelengine:vfx-solar_guard/efball23","tints":[{"default":-1,"type":"minecraft:dye"}],"type":"minecraft:model"},"threshold":325},{"model":{"model":"modelengine:vfx-solar_guard/efball11","tints":[{"default":-1,"type":"minecraft:dye"}],"type":"minecraft:model"},"threshold":326},{"model":{"model":"modelengine:vfx-solar_guard/efball12","tints":[{"default":-1,"type":"minecraft:dye"}],"type":"minecraft:model"},"threshold":327},{"model":{"model":"modelengine:vfx-solar_guard/efcircle2","tints":[{"default":-1,"type":"minecraft:dye"}],"type":"minecraft:model"},"threshold":328},{"model":{"model":"modelengine:vfx-solar_guard/efball20","tints":[{"default":-1,"type":"minecraft:dye"}],"type":"minecraft:model"},"threshold":329},{"model":{"model":"modelengine:vfx-solar_guard/bone","tints":[{"default":-1,"type":"minecraft:dye"}],"type":"minecraft:model"},"threshold":330},{"model":{"model":"modelengine:vfx-solar_guard/group","tints":[{"default":-1,"type":"minecraft:dye"}],"type":"minecraft:model"},"threshold":331},{"model":{"model":"modelengine:cubee-kumiho/head","tints":[{"default":-1,"type":"minecraft:dye"}],"type":"minecraft:model"},"threshold":332},{"model":{"model":"modelengine:cubee-kumiho/efball6","tints":[{"default":-1,"type":"minecraft:dye"}],"type":"minecraft:model"},"threshold":333},{"model":{"model":"modelengine:cubee-kumiho/ef_hit","tints":[{"default":-1,"type":"minecraft:dye"}],"type":"minecraft:model"},"threshold":334},{"model":{"model":"modelengine:cubee-kumiho/efball2","tints":[{"default":-1,"type":"minecraft:dye"}],"type":"minecraft:model"},"threshold":335},{"model":{"model":"modelengine:cubee-kumiho/efball4","tints":[{"default":-1,"type":"minecraft:dye"}],"type":"minecraft:model"},"threshold":336},{"model":{"model":"modelengine:cubee-kumiho/efcircle1","tints":[{"default":-1,"type":"minecraft:dye"}],"type":"minecraft:model"},"threshold":337},{"model":{"model":"modelengine:cubee-kumiho/efball3","tints":[{"default":-1,"type":"minecraft:dye"}],"type":"minecraft:model"},"threshold":338},{"model":{"model":"modelengine:cubee-kumiho/efball8","tints":[{"default":-1,"type":"minecraft:dye"}],"type":"minecraft:model"},"threshold":339},{"model":{"model":"modelengine:cubee-kumiho/efcircle3","tints":[{"default":-1,"type":"minecraft:dye"}],"type":"minecraft:model"},"threshold":340},{"model":{"model":"modelengine:cubee-kumiho/efcircle2","tints":[{"default":-1,"type":"minecraft:dye"}],"type":"minecraft:model"},"threshold":341},{"model":{"model":"modelengine:cubee-kumiho/efball1","tints":[{"default":-1,"type":"minecraft:dye"}],"type":"minecraft:model"},"threshold":342},{"model":{"model":"modelengine:cubee-kumiho/efball7","tints":[{"default":-1,"type":"minecraft:dye"}],"type":"minecraft:model"},"threshold":343},{"model":{"model":"modelengine:cubee-kumiho/bone5","tints":[{"default":-1,"type":"minecraft:dye"}],"type":"minecraft:model"},"threshold":344},{"model":{"model":"modelengine:cubee-kumiho/efball5","tints":[{"default":-1,"type":"minecraft:dye"}],"type":"minecraft:model"},"threshold":345},{"model":{"model":"modelengine:cubee-kumiho/rightleg","tints":[{"default":-1,"type":"minecraft:dye"}],"type":"minecraft:model"},"threshold":346},{"model":{"model":"modelengine:cubee-kumiho/bone","tints":[{"default":-1,"type":"minecraft:dye"}],"type":"minecraft:model"},"threshold":347},{"model":{"model":"modelengine:cubee-kumiho/tail3","tints":[{"default":-1,"type":"minecraft:dye"}],"type":"minecraft:model"},"threshold":348},{"model":{"model":"modelengine:cubee-kumiho/leftarm","tints":[{"default":-1,"type":"minecraft:dye"}],"type":"minecraft:model"},"threshold":349},{"model":{"model":"modelengine:cubee-kumiho/tail6","tints":[{"default":-1,"type":"minecraft:dye"}],"type":"minecraft:model"},"threshold":350},{"model":{"model":"modelengine:cubee-kumiho/lefteye","tints":[{"default":-1,"type":"minecraft:dye"}],"type":"minecraft:model"},"threshold":351},{"model":{"model":"modelengine:cubee-kumiho/rightear","tints":[{"default":-1,"type":"minecraft:dye"}],"type":"minecraft:model"},"threshold":352},{"model":{"model":"modelengine:cubee-kumiho/tail9","tints":[{"default":-1,"type":"minecraft:dye"}],"type":"minecraft:model"},"threshold":353},{"model":{"model":"modelengine:cubee-kumiho/tail4","tints":[{"default":-1,"type":"minecraft:dye"}],"type":"minecraft:model"},"threshold":354},{"model":{"model":"modelengine:cubee-kumiho/tail7","tints":[{"default":-1,"type":"minecraft:dye"}],"type":"minecraft:model"},"threshold":355},{"model":{"model":"modelengine:cubee-kumiho/tail8","tints":[{"default":-1,"type":"minecraft:dye"}],"type":"minecraft:model"},"threshold":356},{"model":{"model":"modelengine:cubee-kumiho/tail1","tints":[{"default":-1,"type":"minecraft:dye"}],"type":"minecraft:model"},"threshold":357},{"model":{"model":"modelengine:cubee-kumiho/tail5","tints":[{"default":-1,"type":"minecraft:dye"}],"type":"minecraft:model"},"threshold":358},{"model":{"model":"modelengine:cubee-kumiho/leftleg","tints":[{"default":-1,"type":"minecraft:dye"}],"type":"minecraft:model"},"threshold":359},{"model":{"model":"modelengine:cubee-kumiho/rightarm","tints":[{"default":-1,"type":"minecraft:dye"}],"type":"minecraft:model"},"threshold":360},{"model":{"model":"modelengine:cubee-kumiho/tail2","tints":[{"default":-1,"type":"minecraft:dye"}],"type":"minecraft:model"},"threshold":361},{"model":{"model":"modelengine:cubee-kumiho/leftear","tints":[{"default":-1,"type":"minecraft:dye"}],"type":"minecraft:model"},"threshold":362},{"model":{"model":"modelengine:cubee-kumiho/righteye","tints":[{"default":-1,"type":"minecraft:dye"}],"type":"minecraft:model"},"threshold":363},{"model":{"model":"modelengine:cubee-kumiho/ef_hit2","tints":[{"default":-1,"type":"minecraft:dye"}],"type":"minecraft:model"},"threshold":364},{"model":{"model":"modelengine:cubee-kumiho/ef_hit3","tints":[{"default":-1,"type":"minecraft:dye"}],"type":"minecraft:model"},"threshold":365},{"model":{"model":"modelengine:cubee-kumiho/ef_hit4","tints":[{"default":-1,"type":"minecraft:dye"}],"type":"minecraft:model"},"threshold":366},{"model":{"model":"modelengine:cubee-kumiho/leftpupil","tints":[{"default":-1,"type":"minecraft:dye"}],"type":"minecraft:model"},"threshold":367},{"model":{"model":"modelengine:cubee-kumiho/katana","tints":[{"default":-1,"type":"minecraft:dye"}],"type":"minecraft:model"},"threshold":368},{"model":{"model":"modelengine:cubee-kumiho/rightpupil","tints":[{"default":-1,"type":"minecraft:dye"}],"type":"minecraft:model"},"threshold":369},{"model":{"model":"modelengine:cubee-kumiho/head3","tints":[{"default":-1,"type":"minecraft:dye"}],"type":"minecraft:model"},"threshold":370},{"model":{"model":"modelengine:cubee-kumiho/head2","tints":[{"default":-1,"type":"minecraft:dye"}],"type":"minecraft:model"},"threshold":371},{"model":{"model":"modelengine:cubee-kumiho/head4","tints":[{"default":-1,"type":"minecraft:dye"}],"type":"minecraft:model"},"threshold":372},{"model":{"model":"modelengine:cubee-kumiho/tail33","tints":[{"default":-1,"type":"minecraft:dye"}],"type":"minecraft:model"},"threshold":373},{"model":{"model":"modelengine:cubee-kumiho/tail19","tints":[{"default":-1,"type":"minecraft:dye"}],"type":"minecraft:model"},"threshold":374},{"model":{"model":"modelengine:cubee-kumiho/rightleg3","tints":[{"default":-1,"type":"minecraft:dye"}],"type":"minecraft:model"},"threshold":375},{"model":{"model":"modelengine:cubee-kumiho/tail36","tints":[{"default":-1,"type":"minecraft:dye"}],"type":"minecraft:model"},"threshold":376},{"model":{"model":"modelengine:cubee-kumiho/lefteye3","tints":[{"default":-1,"type":"minecraft:dye"}],"type":"minecraft:model"},"threshold":377},{"model":{"model":"modelengine:cubee-kumiho/tail29","tints":[{"default":-1,"type":"minecraft:dye"}],"type":"minecraft:model"},"threshold":378},{"model":{"model":"modelengine:cubee-kumiho/leftarm3","tints":[{"default":-1,"type":"minecraft:dye"}],"type":"minecraft:model"},"threshold":379},{"model":{"model":"modelengine:cubee-kumiho/rightear3","tints":[{"default":-1,"type":"minecraft:dye"}],"type":"minecraft:model"},"threshold":380},{"model":{"model":"modelengine:cubee-kumiho/bone3","tints":[{"default":-1,"type":"minecraft:dye"}],"type":"minecraft:model"},"threshold":381},{"model":{"model":"modelengine:cubee-kumiho/rightarm3","tints":[{"default":-1,"type":"minecraft:dye"}],"type":"minecraft:model"},"threshold":382},{"model":{"model":"modelengine:cubee-kumiho/tail32","tints":[{"default":-1,"type":"minecraft:dye"}],"type":"minecraft:model"},"threshold":383},{"model":{"model":"modelengine:cubee-kumiho/tail35","tints":[{"default":-1,"type":"minecraft:dye"}],"type":"minecraft:model"},"threshold":384},{"model":{"model":"modelengine:cubee-kumiho/tail30","tints":[{"default":-1,"type":"minecraft:dye"}],"type":"minecraft:model"},"threshold":385},{"model":{"model":"modelengine:cubee-kumiho/righteye3","tints":[{"default":-1,"type":"minecraft:dye"}],"type":"minecraft:model"},"threshold":386},{"model":{"model":"modelengine:cubee-kumiho/tail31","tints":[{"default":-1,"type":"minecraft:dye"}],"type":"minecraft:model"},"threshold":387},{"model":{"model":"modelengine:cubee-kumiho/leftleg3","tints":[{"default":-1,"type":"minecraft:dye"}],"type":"minecraft:model"},"threshold":388},{"model":{"model":"modelengine:cubee-kumiho/leftear3","tints":[{"default":-1,"type":"minecraft:dye"}],"type":"minecraft:model"},"threshold":389},{"model":{"model":"modelengine:cubee-kumiho/tail34","tints":[{"default":-1,"type":"minecraft:dye"}],"type":"minecraft:model"},"threshold":390},{"model":{"model":"modelengine:cubee-kumiho/bone2","tints":[{"default":-1,"type":"minecraft:dye"}],"type":"minecraft:model"},"threshold":391},{"model":{"model":"modelengine:cubee-kumiho/rightarm2","tints":[{"default":-1,"type":"minecraft:dye"}],"type":"minecraft:model"},"threshold":392},{"model":{"model":"modelengine:cubee-kumiho/leftear2","tints":[{"default":-1,"type":"minecraft:dye"}],"type":"minecraft:model"},"threshold":393},{"model":{"model":"modelengine:cubee-kumiho/rightear2","tints":[{"default":-1,"type":"minecraft:dye"}],"type":"minecraft:model"},"threshold":394},{"model":{"model":"modelengine:cubee-kumiho/tail13","tints":[{"default":-1,"type":"minecraft:dye"}],"type":"minecraft:model"},"threshold":395},{"model":{"model":"modelengine:cubee-kumiho/tail16","tints":[{"default":-1,"type":"minecraft:dye"}],"type":"minecraft:model"},"threshold":396},{"model":{"model":"modelengine:cubee-kumiho/tail12","tints":[{"default":-1,"type":"minecraft:dye"}],"type":"minecraft:model"},"threshold":397},{"model":{"model":"modelengine:cubee-kumiho/leftarm2","tints":[{"default":-1,"type":"minecraft:dye"}],"type":"minecraft:model"},"threshold":398},{"model":{"model":"modelengine:cubee-kumiho/tail10","tints":[{"default":-1,"type":"minecraft:dye"}],"type":"minecraft:model"},"threshold":399},{"model":{"model":"modelengine:cubee-kumiho/tail17","tints":[{"default":-1,"type":"minecraft:dye"}],"type":"minecraft:model"},"threshold":400},{"model":{"model":"modelengine:cubee-kumiho/lefteye2","tints":[{"default":-1,"type":"minecraft:dye"}],"type":"minecraft:model"},"threshold":401},{"model":{"model":"modelengine:cubee-kumiho/righteye2","tints":[{"default":-1,"type":"minecraft:dye"}],"type":"minecraft:model"},"threshold":402},{"model":{"model":"modelengine:cubee-kumiho/tail14","tints":[{"default":-1,"type":"minecraft:dye"}],"type":"minecraft:model"},"threshold":403},{"model":{"model":"modelengine:cubee-kumiho/tail18","tints":[{"default":-1,"type":"minecraft:dye"}],"type":"minecraft:model"},"threshold":404},{"model":{"model":"modelengine:cubee-kumiho/rightleg2","tints":[{"default":-1,"type":"minecraft:dye"}],"type":"minecraft:model"},"threshold":405},{"model":{"model":"modelengine:cubee-kumiho/leftleg2","tints":[{"default":-1,"type":"minecraft:dye"}],"type":"minecraft:model"},"threshold":406},{"model":{"model":"modelengine:cubee-kumiho/tail11","tints":[{"default":-1,"type":"minecraft:dye"}],"type":"minecraft:model"},"threshold":407},{"model":{"model":"modelengine:cubee-kumiho/tail15","tints":[{"default":-1,"type":"minecraft:dye"}],"type":"minecraft:model"},"threshold":408},{"model":{"model":"modelengine:cubee-kumiho/bone4","tints":[{"default":-1,"type":"minecraft:dye"}],"type":"minecraft:model"},"threshold":409},{"model":{"model":"modelengine:cubee-kumiho/tail26","tints":[{"default":-1,"type":"minecraft:dye"}],"type":"minecraft:model"},"threshold":410},{"model":{"model":"modelengine:cubee-kumiho/leftarm4","tints":[{"default":-1,"type":"minecraft:dye"}],"type":"minecraft:model"},"threshold":411},{"model":{"model":"modelengine:cubee-kumiho/tail25","tints":[{"default":-1,"type":"minecraft:dye"}],"type":"minecraft:model"},"threshold":412},{"model":{"model":"modelengine:cubee-kumiho/tail28","tints":[{"default":-1,"type":"minecraft:dye"}],"type":"minecraft:model"},"threshold":413},{"model":{"model":"modelengine:cubee-kumiho/tail22","tints":[{"default":-1,"type":"minecraft:dye"}],"type":"minecraft:model"},"threshold":414},{"model":{"model":"modelengine:cubee-kumiho/leftleg4","tints":[{"default":-1,"type":"minecraft:dye"}],"type":"minecraft:model"},"threshold":415},{"model":{"model":"modelengine:cubee-kumiho/leftear4","tints":[{"default":-1,"type":"minecraft:dye"}],"type":"minecraft:model"},"threshold":416},{"model":{"model":"modelengine:cubee-kumiho/rightear4","tints":[{"default":-1,"type":"minecraft:dye"}],"type":"minecraft:model"},"threshold":417},{"model":{"model":"modelengine:cubee-kumiho/tail24","tints":[{"default":-1,"type":"minecraft:dye"}],"type":"minecraft:model"},"threshold":418},{"model":{"model":"modelengine:cubee-kumiho/righteye4","tints":[{"default":-1,"type":"minecraft:dye"}],"type":"minecraft:model"},"threshold":419},{"model":{"model":"modelengine:cubee-kumiho/tail21","tints":[{"default":-1,"type":"minecraft:dye"}],"type":"minecraft:model"},"threshold":420},{"model":{"model":"modelengine:cubee-kumiho/rightleg4","tints":[{"default":-1,"type":"minecraft:dye"}],"type":"minecraft:model"},"threshold":421},{"model":{"model":"modelengine:cubee-kumiho/tail20","tints":[{"default":-1,"type":"minecraft:dye"}],"type":"minecraft:model"},"threshold":422},{"model":{"model":"modelengine:cubee-kumiho/tail23","tints":[{"default":-1,"type":"minecraft:dye"}],"type":"minecraft:model"},"threshold":423},{"model":{"model":"modelengine:cubee-kumiho/tail27","tints":[{"default":-1,"type":"minecraft:dye"}],"type":"minecraft:model"},"threshold":424},{"model":{"model":"modelengine:cubee-kumiho/rightarm4","tints":[{"default":-1,"type":"minecraft:dye"}],"type":"minecraft:model"},"threshold":425},{"model":{"model":"modelengine:cubee-kumiho/lefteye4","tints":[{"default":-1,"type":"minecraft:dye"}],"type":"minecraft:model"},"threshold":426},{"model":{"model":"modelengine:cubee-kumiho/leftpupil3","tints":[{"default":-1,"type":"minecraft:dye"}],"type":"minecraft:model"},"threshold":427},{"model":{"model":"modelengine:cubee-kumiho/katana3","tints":[{"default":-1,"type":"minecraft:dye"}],"type":"minecraft:model"},"threshold":428},{"model":{"model":"modelengine:cubee-kumiho/rightpupil3","tints":[{"default":-1,"type":"minecraft:dye"}],"type":"minecraft:model"},"threshold":429},{"model":{"model":"modelengine:cubee-kumiho/leftpupil2","tints":[{"default":-1,"type":"minecraft:dye"}],"type":"minecraft:model"},"threshold":430},{"model":{"model":"modelengine:cubee-kumiho/rightpupil2","tints":[{"default":-1,"type":"minecraft:dye"}],"type":"minecraft:model"},"threshold":431},{"model":{"model":"modelengine:cubee-kumiho/katana2","tints":[{"default":-1,"type":"minecraft:dye"}],"type":"minecraft:model"},"threshold":432},{"model":{"model":"modelengine:cubee-kumiho/katana4","tints":[{"default":-1,"type":"minecraft:dye"}],"type":"minecraft:model"},"threshold":433},{"model":{"model":"modelengine:cubee-kumiho/rightpupil4","tints":[{"default":-1,"type":"minecraft:dye"}],"type":"minecraft:model"},"threshold":434},{"model":{"model":"modelengine:cubee-kumiho/leftpupil4","tints":[{"default":-1,"type":"minecraft:dye"}],"type":"minecraft:model"},"threshold":435},{"model":{"model":"modelengine:cubee-crescent_guard/head","tints":[{"default":-1,"type":"minecraft:dye"}],"type":"minecraft:model"},"threshold":436},{"model":{"model":"modelengine:cubee-crescent_guard/ef_beam4","tints":[{"default":-1,"type":"minecraft:dye"}],"type":"minecraft:model"},"threshold":437},{"model":{"model":"modelengine:cubee-crescent_guard/ef_beam5","tints":[{"default":-1,"type":"minecraft:dye"}],"type":"minecraft:model"},"threshold":438},{"model":{"model":"modelengine:cubee-crescent_guard/ef_beam7","tints":[{"default":-1,"type":"minecraft:dye"}],"type":"minecraft:model"},"threshold":439},{"model":{"model":"modelengine:cubee-crescent_guard/ef_beam2","tints":[{"default":-1,"type":"minecraft:dye"}],"type":"minecraft:model"},"threshold":440},{"model":{"model":"modelengine:cubee-crescent_guard/ef_beam1","tints":[{"default":-1,"type":"minecraft:dye"}],"type":"minecraft:model"},"threshold":441},{"model":{"model":"modelengine:cubee-crescent_guard/ef_beam9","tints":[{"default":-1,"type":"minecraft:dye"}],"type":"minecraft:model"},"threshold":442},{"model":{"model":"modelengine:cubee-crescent_guard/ef_beam3","tints":[{"default":-1,"type":"minecraft:dye"}],"type":"minecraft:model"},"threshold":443},{"model":{"model":"modelengine:cubee-crescent_guard/ef_beam8","tints":[{"default":-1,"type":"minecraft:dye"}],"type":"minecraft:model"},"threshold":444},{"model":{"model":"modelengine:cubee-crescent_guard/ef_beam6","tints":[{"default":-1,"type":"minecraft:dye"}],"type":"minecraft:model"},"threshold":445},{"model":{"model":"modelengine:cubee-crescent_guard/ef_beam10","tints":[{"default":-1,"type":"minecraft:dye"}],"type":"minecraft:model"},"threshold":446},{"model":{"model":"modelengine:cubee-crescent_guard/efcircle8","tints":[{"default":-1,"type":"minecraft:dye"}],"type":"minecraft:model"},"threshold":447},{"model":{"model":"modelengine:cubee-crescent_guard/efcircle10","tints":[{"default":-1,"type":"minecraft:dye"}],"type":"minecraft:model"},"threshold":448},{"model":{"model":"modelengine:cubee-crescent_guard/efcircle4","tints":[{"default":-1,"type":"minecraft:dye"}],"type":"minecraft:model"},"threshold":449},{"model":{"model":"modelengine:cubee-crescent_guard/efcircle9","tints":[{"default":-1,"type":"minecraft:dye"}],"type":"minecraft:model"},"threshold":450},{"model":{"model":"modelengine:cubee-crescent_guard/efcircle6","tints":[{"default":-1,"type":"minecraft:dye"}],"type":"minecraft:model"},"threshold":451},{"model":{"model":"modelengine:cubee-crescent_guard/efcircle7","tints":[{"default":-1,"type":"minecraft:dye"}],"type":"minecraft:model"},"threshold":452},{"model":{"model":"modelengine:cubee-crescent_guard/efcircle2","tints":[{"default":-1,"type":"minecraft:dye"}],"type":"minecraft:model"},"threshold":453},{"model":{"model":"modelengine:cubee-crescent_guard/efcircle5","tints":[{"default":-1,"type":"minecraft:dye"}],"type":"minecraft:model"},"threshold":454},{"model":{"model":"modelengine:cubee-crescent_guard/efcircle1","tints":[{"default":-1,"type":"minecraft:dye"}],"type":"minecraft:model"},"threshold":455},{"model":{"model":"modelengine:cubee-crescent_guard/efcircle3","tints":[{"default":-1,"type":"minecraft:dye"}],"type":"minecraft:model"},"threshold":456},{"model":{"model":"modelengine:cubee-crescent_guard/bone","tints":[{"default":-1,"type":"minecraft:dye"}],"type":"minecraft:model"},"threshold":457},{"model":{"model":"modelengine:cubee-crescent_guard/bone4","tints":[{"default":-1,"type":"minecraft:dye"}],"type":"minecraft:model"},"threshold":458},{"model":{"model":"modelengine:cubee-crescent_guard/bone3","tints":[{"default":-1,"type":"minecraft:dye"}],"type":"minecraft:model"},"threshold":459},{"model":{"model":"modelengine:cubee-crescent_guard/bone5","tints":[{"default":-1,"type":"minecraft:dye"}],"type":"minecraft:model"},"threshold":460},{"model":{"model":"modelengine:cubee-crescent_guard/bone2","tints":[{"default":-1,"type":"minecraft:dye"}],"type":"minecraft:model"},"threshold":461},{"model":{"model":"modelengine:cubee-crescent_guard/jaw","tints":[{"default":-1,"type":"minecraft:dye"}],"type":"minecraft:model"},"threshold":462},{"model":{"model":"modelengine:cubee-crescent_guard/rightleg2","tints":[{"default":-1,"type":"minecraft:dye"}],"type":"minecraft:model"},"threshold":463},{"model":{"model":"modelengine:cubee-crescent_guard/righteye","tints":[{"default":-1,"type":"minecraft:dye"}],"type":"minecraft:model"},"threshold":464},{"model":{"model":"modelengine:cubee-crescent_guard/rightleg","tints":[{"default":-1,"type":"minecraft:dye"}],"type":"minecraft:model"},"threshold":465},{"model":{"model":"modelengine:cubee-crescent_guard/tail","tints":[{"default":-1,"type":"minecraft:dye"}],"type":"minecraft:model"},"threshold":466},{"model":{"model":"modelengine:cubee-crescent_guard/lefteye","tints":[{"default":-1,"type":"minecraft:dye"}],"type":"minecraft:model"},"threshold":467},{"model":{"model":"modelengine:cubee-crescent_guard/leftleg","tints":[{"default":-1,"type":"minecraft:dye"}],"type":"minecraft:model"},"threshold":468},{"model":{"model":"modelengine:cubee-crescent_guard/lunar","tints":[{"default":-1,"type":"minecraft:dye"}],"type":"minecraft:model"},"threshold":469},{"model":{"model":"modelengine:cubee-crescent_guard/leftleg2","tints":[{"default":-1,"type":"minecraft:dye"}],"type":"minecraft:model"},"threshold":470},{"model":{"model":"modelengine:cubee-crescent_guard/rightpupil","tints":[{"default":-1,"type":"minecraft:dye"}],"type":"minecraft:model"},"threshold":471},{"model":{"model":"modelengine:cubee-crescent_guard/leftpupil","tints":[{"default":-1,"type":"minecraft:dye"}],"type":"minecraft:model"},"threshold":472},{"model":{"model":"modelengine:cubee-maneki_neko/head","tints":[{"default":-1,"type":"minecraft:dye"}],"type":"minecraft:model"},"threshold":473},{"model":{"model":"modelengine:cubee-maneki_neko/ef_clawc2_1","tints":[{"default":-1,"type":"minecraft:dye"}],"type":"minecraft:model"},"threshold":474},{"model":{"model":"modelengine:cubee-maneki_neko/ef_clawc1_1","tints":[{"default":-1,"type":"minecraft:dye"}],"type":"minecraft:model"},"threshold":475},{"model":{"model":"modelengine:cubee-maneki_neko/efcircle2","tints":[{"default":-1,"type":"minecraft:dye"}],"type":"minecraft:model"},"threshold":476},{"model":{"model":"modelengine:cubee-maneki_neko/efcircle1","tints":[{"default":-1,"type":"minecraft:dye"}],"type":"minecraft:model"},"threshold":477},{"model":{"model":"modelengine:cubee-maneki_neko/rightleg2","tints":[{"default":-1,"type":"minecraft:dye"}],"type":"minecraft:model"},"threshold":478},{"model":{"model":"modelengine:cubee-maneki_neko/righteye","tints":[{"default":-1,"type":"minecraft:dye"}],"type":"minecraft:model"},"threshold":479},{"model":{"model":"modelengine:cubee-maneki_neko/lefteye","tints":[{"default":-1,"type":"minecraft:dye"}],"type":"minecraft:model"},"threshold":480},{"model":{"model":"modelengine:cubee-maneki_neko/leftleg2","tints":[{"default":-1,"type":"minecraft:dye"}],"type":"minecraft:model"},"threshold":481},{"model":{"model":"modelengine:cubee-maneki_neko/tail","tints":[{"default":-1,"type":"minecraft:dye"}],"type":"minecraft:model"},"threshold":482},{"model":{"model":"modelengine:cubee-maneki_neko/jaw","tints":[{"default":-1,"type":"minecraft:dye"}],"type":"minecraft:model"},"threshold":483},{"model":{"model":"modelengine:cubee-maneki_neko/rightleg","tints":[{"default":-1,"type":"minecraft:dye"}],"type":"minecraft:model"},"threshold":484},{"model":{"model":"modelengine:cubee-maneki_neko/tail3","tints":[{"default":-1,"type":"minecraft:dye"}],"type":"minecraft:model"},"threshold":485},{"model":{"model":"modelengine:cubee-maneki_neko/leftleg","tints":[{"default":-1,"type":"minecraft:dye"}],"type":"minecraft:model"},"threshold":486},{"model":{"model":"modelengine:cubee-maneki_neko/head2","tints":[{"default":-1,"type":"minecraft:dye"}],"type":"minecraft:model"},"threshold":487},{"model":{"model":"modelengine:cubee-maneki_neko/efball4","tints":[{"default":-1,"type":"minecraft:dye"}],"type":"minecraft:model"},"threshold":488},{"model":{"model":"modelengine:cubee-maneki_neko/efball8","tints":[{"default":-1,"type":"minecraft:dye"}],"type":"minecraft:model"},"threshold":489},{"model":{"model":"modelengine:cubee-maneki_neko/efball9","tints":[{"default":-1,"type":"minecraft:dye"}],"type":"minecraft:model"},"threshold":490},{"model":{"model":"modelengine:cubee-maneki_neko/efball1","tints":[{"default":-1,"type":"minecraft:dye"}],"type":"minecraft:model"},"threshold":491},{"model":{"model":"modelengine:cubee-maneki_neko/efball6","tints":[{"default":-1,"type":"minecraft:dye"}],"type":"minecraft:model"},"threshold":492},{"model":{"model":"modelengine:cubee-maneki_neko/efball2","tints":[{"default":-1,"type":"minecraft:dye"}],"type":"minecraft:model"},"threshold":493},{"model":{"model":"modelengine:cubee-maneki_neko/efball3","tints":[{"default":-1,"type":"minecraft:dye"}],"type":"minecraft:model"},"threshold":494},{"model":{"model":"modelengine:cubee-maneki_neko/efball7","tints":[{"default":-1,"type":"minecraft:dye"}],"type":"minecraft:model"},"threshold":495},{"model":{"model":"modelengine:cubee-maneki_neko/efball5","tints":[{"default":-1,"type":"minecraft:dye"}],"type":"minecraft:model"},"threshold":496},{"model":{"model":"modelengine:cubee-maneki_neko/head3","tints":[{"default":-1,"type":"minecraft:dye"}],"type":"minecraft:model"},"threshold":497},{"model":{"model":"modelengine:cubee-maneki_neko/rightpupil","tints":[{"default":-1,"type":"minecraft:dye"}],"type":"minecraft:model"},"threshold":498},{"model":{"model":"modelengine:cubee-maneki_neko/leftpupil","tints":[{"default":-1,"type":"minecraft:dye"}],"type":"minecraft:model"},"threshold":499},{"model":{"model":"modelengine:cubee-maneki_neko/tail2","tints":[{"default":-1,"type":"minecraft:dye"}],"type":"minecraft:model"},"threshold":500},{"model":{"model":"modelengine:cubee-maneki_neko/tail4","tints":[{"default":-1,"type":"minecraft:dye"}],"type":"minecraft:model"},"threshold":501},{"model":{"model":"modelengine:cubee-maneki_neko/leftleg3","tints":[{"default":-1,"type":"minecraft:dye"}],"type":"minecraft:model"},"threshold":502},{"model":{"model":"modelengine:cubee-maneki_neko/rightleg3","tints":[{"default":-1,"type":"minecraft:dye"}],"type":"minecraft:model"},"threshold":503},{"model":{"model":"modelengine:cubee-maneki_neko/jaw2","tints":[{"default":-1,"type":"minecraft:dye"}],"type":"minecraft:model"},"threshold":504},{"model":{"model":"modelengine:cubee-maneki_neko/rightleg4","tints":[{"default":-1,"type":"minecraft:dye"}],"type":"minecraft:model"},"threshold":505},{"model":{"model":"modelengine:cubee-maneki_neko/righteye2","tints":[{"default":-1,"type":"minecraft:dye"}],"type":"minecraft:model"},"threshold":506},{"model":{"model":"modelengine:cubee-maneki_neko/leftleg4","tints":[{"default":-1,"type":"minecraft:dye"}],"type":"minecraft:model"},"threshold":507},{"model":{"model":"modelengine:cubee-maneki_neko/tail7","tints":[{"default":-1,"type":"minecraft:dye"}],"type":"minecraft:model"},"threshold":508},{"model":{"model":"modelengine:cubee-maneki_neko/lefteye2","tints":[{"default":-1,"type":"minecraft:dye"}],"type":"minecraft:model"},"threshold":509},{"model":{"model":"modelengine:cubee-maneki_neko/efball12","tints":[{"default":-1,"type":"minecraft:dye"}],"type":"minecraft:model"},"threshold":510},{"model":{"model":"modelengine:cubee-maneki_neko/efball10","tints":[{"default":-1,"type":"minecraft:dye"}],"type":"minecraft:model"},"threshold":511},{"model":{"model":"modelengine:cubee-maneki_neko/efball11","tints":[{"default":-1,"type":"minecraft:dye"}],"type":"minecraft:model"},"threshold":512},{"model":{"model":"modelengine:cubee-maneki_neko/rightleg6","tints":[{"default":-1,"type":"minecraft:dye"}],"type":"minecraft:model"},"threshold":513},{"model":{"model":"modelengine:cubee-maneki_neko/jaw3","tints":[{"default":-1,"type":"minecraft:dye"}],"type":"minecraft:model"},"threshold":514},{"model":{"model":"modelengine:cubee-maneki_neko/leftleg5","tints":[{"default":-1,"type":"minecraft:dye"}],"type":"minecraft:model"},"threshold":515},{"model":{"model":"modelengine:cubee-maneki_neko/righteye3","tints":[{"default":-1,"type":"minecraft:dye"}],"type":"minecraft:model"},"threshold":516},{"model":{"model":"modelengine:cubee-maneki_neko/lefteye3","tints":[{"default":-1,"type":"minecraft:dye"}],"type":"minecraft:model"},"threshold":517},{"model":{"model":"modelengine:cubee-maneki_neko/rightleg5","tints":[{"default":-1,"type":"minecraft:dye"}],"type":"minecraft:model"},"threshold":518},{"model":{"model":"modelengine:cubee-maneki_neko/leftleg6","tints":[{"default":-1,"type":"minecraft:dye"}],"type":"minecraft:model"},"threshold":519},{"model":{"model":"modelengine:cubee-maneki_neko/tail6","tints":[{"default":-1,"type":"minecraft:dye"}],"type":"minecraft:model"},"threshold":520},{"model":{"model":"modelengine:cubee-maneki_neko/rightpupil2","tints":[{"default":-1,"type":"minecraft:dye"}],"type":"minecraft:model"},"threshold":521},{"model":{"model":"modelengine:cubee-maneki_neko/tail8","tints":[{"default":-1,"type":"minecraft:dye"}],"type":"minecraft:model"},"threshold":522},{"model":{"model":"modelengine:cubee-maneki_neko/leftpupil2","tints":[{"default":-1,"type":"minecraft:dye"}],"type":"minecraft:model"},"threshold":523},{"model":{"model":"modelengine:cubee-maneki_neko/rightpupil3","tints":[{"default":-1,"type":"minecraft:dye"}],"type":"minecraft:model"},"threshold":524},{"model":{"model":"modelengine:cubee-maneki_neko/leftpupil3","tints":[{"default":-1,"type":"minecraft:dye"}],"type":"minecraft:model"},"threshold":525},{"model":{"model":"modelengine:cubee-maneki_neko/tail5","tints":[{"default":-1,"type":"minecraft:dye"}],"type":"minecraft:model"},"threshold":526},{"model":{"model":"modelengine:cubee-yeti/efcircle3","tints":[{"default":-1,"type":"minecraft:dye"}],"type":"minecraft:model"},"threshold":527},{"model":{"model":"modelengine:cubee-yeti/ef_ice10","tints":[{"default":-1,"type":"minecraft:dye"}],"type":"minecraft:model"},"threshold":528},{"model":{"model":"modelengine:cubee-yeti/ef_ice5","tints":[{"default":-1,"type":"minecraft:dye"}],"type":"minecraft:model"},"threshold":529},{"model":{"model":"modelengine:cubee-yeti/group","tints":[{"default":-1,"type":"minecraft:dye"}],"type":"minecraft:model"},"threshold":530},{"model":{"model":"modelengine:cubee-yeti/ef_ice7","tints":[{"default":-1,"type":"minecraft:dye"}],"type":"minecraft:model"},"threshold":531},{"model":{"model":"modelengine:cubee-yeti/ef_ice8","tints":[{"default":-1,"type":"minecraft:dye"}],"type":"minecraft:model"},"threshold":532},{"model":{"model":"modelengine:cubee-yeti/ef_ice3","tints":[{"default":-1,"type":"minecraft:dye"}],"type":"minecraft:model"},"threshold":533},{"model":{"model":"modelengine:cubee-yeti/ef_ice","tints":[{"default":-1,"type":"minecraft:dye"}],"type":"minecraft:model"},"threshold":534},{"model":{"model":"modelengine:cubee-yeti/ef_ice6","tints":[{"default":-1,"type":"minecraft:dye"}],"type":"minecraft:model"},"threshold":535},{"model":{"model":"modelengine:cubee-yeti/ef_ice2","tints":[{"default":-1,"type":"minecraft:dye"}],"type":"minecraft:model"},"threshold":536},{"model":{"model":"modelengine:cubee-yeti/ef_ice4","tints":[{"default":-1,"type":"minecraft:dye"}],"type":"minecraft:model"},"threshold":537},{"model":{"model":"modelengine:cubee-yeti/ef_ice9","tints":[{"default":-1,"type":"minecraft:dye"}],"type":"minecraft:model"},"threshold":538},{"model":{"model":"modelengine:cubee-yeti/efcircle2","tints":[{"default":-1,"type":"minecraft:dye"}],"type":"minecraft:model"},"threshold":539},{"model":{"model":"modelengine:cubee-yeti/efcircle1","tints":[{"default":-1,"type":"minecraft:dye"}],"type":"minecraft:model"},"threshold":540},{"model":{"model":"modelengine:cubee-yeti/head/2","tints":[{"default":-1,"type":"minecraft:dye"}],"type":"minecraft:model"},"threshold":541},{"model":{"model":"modelengine:cubee-yeti/head/1","tints":[{"default":-1,"type":"minecraft:dye"}],"type":"minecraft:model"},"threshold":542},{"model":{"model":"modelengine:cubee-yeti/head","tints":[{"default":-1,"type":"minecraft:dye"}],"type":"minecraft:model"},"threshold":543},{"model":{"model":"modelengine:cubee-yeti/efball5","tints":[{"default":-1,"type":"minecraft:dye"}],"type":"minecraft:model"},"threshold":544},{"model":{"model":"modelengine:cubee-yeti/efball1","tints":[{"default":-1,"type":"minecraft:dye"}],"type":"minecraft:model"},"threshold":545},{"model":{"model":"modelengine:cubee-yeti/efball2","tints":[{"default":-1,"type":"minecraft:dye"}],"type":"minecraft:model"},"threshold":546},{"model":{"model":"modelengine:cubee-yeti/efball3","tints":[{"default":-1,"type":"minecraft:dye"}],"type":"minecraft:model"},"threshold":547},{"model":{"model":"modelengine:cubee-yeti/efball4","tints":[{"default":-1,"type":"minecraft:dye"}],"type":"minecraft:model"},"threshold":548},{"model":{"model":"modelengine:cubee-yeti/leftarm","tints":[{"default":-1,"type":"minecraft:dye"}],"type":"minecraft:model"},"threshold":549},{"model":{"model":"modelengine:cubee-yeti/lefteye","tints":[{"default":-1,"type":"minecraft:dye"}],"type":"minecraft:model"},"threshold":550},{"model":{"model":"modelengine:cubee-yeti/righteye","tints":[{"default":-1,"type":"minecraft:dye"}],"type":"minecraft:model"},"threshold":551},{"model":{"model":"modelengine:cubee-yeti/rightleg","tints":[{"default":-1,"type":"minecraft:dye"}],"type":"minecraft:model"},"threshold":552},{"model":{"model":"modelengine:cubee-yeti/rightarm","tints":[{"default":-1,"type":"minecraft:dye"}],"type":"minecraft:model"},"threshold":553},{"model":{"model":"modelengine:cubee-yeti/leftleg","tints":[{"default":-1,"type":"minecraft:dye"}],"type":"minecraft:model"},"threshold":554},{"model":{"model":"modelengine:cubee-yeti/leftpupil","tints":[{"default":-1,"type":"minecraft:dye"}],"type":"minecraft:model"},"threshold":555},{"model":{"model":"modelengine:cubee-yeti/rightpupil","tints":[{"default":-1,"type":"minecraft:dye"}],"type":"minecraft:model"},"threshold":556},{"model":{"model":"modelengine:cubee-cerberus/head2","tints":[{"default":-1,"type":"minecraft:dye"}],"type":"minecraft:model"},"threshold":557},{"model":{"model":"modelengine:cubee-cerberus/leftarm","tints":[{"default":-1,"type":"minecraft:dye"}],"type":"minecraft:model"},"threshold":558},{"model":{"model":"modelengine:cubee-cerberus/head1","tints":[{"default":-1,"type":"minecraft:dye"}],"type":"minecraft:model"},"threshold":559},{"model":{"model":"modelengine:cubee-cerberus/rightarm","tints":[{"default":-1,"type":"minecraft:dye"}],"type":"minecraft:model"},"threshold":560},{"model":{"model":"modelengine:cubee-cerberus/head3","tints":[{"default":-1,"type":"minecraft:dye"}],"type":"minecraft:model"},"threshold":561},{"model":{"model":"modelengine:cubee-cerberus/effireball1_4","tints":[{"default":-1,"type":"minecraft:dye"}],"type":"minecraft:model"},"threshold":562},{"model":{"model":"modelengine:cubee-cerberus/effireball1_7","tints":[{"default":-1,"type":"minecraft:dye"}],"type":"minecraft:model"},"threshold":563},{"model":{"model":"modelengine:cubee-cerberus/effireball1_5","tints":[{"default":-1,"type":"minecraft:dye"}],"type":"minecraft:model"},"threshold":564},{"model":{"model":"modelengine:cubee-cerberus/effireball1_1","tints":[{"default":-1,"type":"minecraft:dye"}],"type":"minecraft:model"},"threshold":565},{"model":{"model":"modelengine:cubee-cerberus/effireball1_3","tints":[{"default":-1,"type":"minecraft:dye"}],"type":"minecraft:model"},"threshold":566},{"model":{"model":"modelengine:cubee-cerberus/effireball1_11","tints":[{"default":-1,"type":"minecraft:dye"}],"type":"minecraft:model"},"threshold":567},{"model":{"model":"modelengine:cubee-cerberus/effireball1_2","tints":[{"default":-1,"type":"minecraft:dye"}],"type":"minecraft:model"},"threshold":568},{"model":{"model":"modelengine:cubee-cerberus/effireball1_8","tints":[{"default":-1,"type":"minecraft:dye"}],"type":"minecraft:model"},"threshold":569},{"model":{"model":"modelengine:cubee-cerberus/effireball1_9","tints":[{"default":-1,"type":"minecraft:dye"}],"type":"minecraft:model"},"threshold":570},{"model":{"model":"modelengine:cubee-cerberus/effireball1_10","tints":[{"default":-1,"type":"minecraft:dye"}],"type":"minecraft:model"},"threshold":571},{"model":{"model":"modelengine:cubee-cerberus/effireball1_6","tints":[{"default":-1,"type":"minecraft:dye"}],"type":"minecraft:model"},"threshold":572},{"model":{"model":"modelengine:cubee-cerberus/ef_f_o3","tints":[{"default":-1,"type":"minecraft:dye"}],"type":"minecraft:model"},"threshold":573},{"model":{"model":"modelengine:cubee-cerberus/ef_f_w3","tints":[{"default":-1,"type":"minecraft:dye"}],"type":"minecraft:model"},"threshold":574},{"model":{"model":"modelengine:cubee-cerberus/ef_f_b3","tints":[{"default":-1,"type":"minecraft:dye"}],"type":"minecraft:model"},"threshold":575},{"model":{"model":"modelengine:cubee-cerberus/ef_f_o2","tints":[{"default":-1,"type":"minecraft:dye"}],"type":"minecraft:model"},"threshold":576},{"model":{"model":"modelengine:cubee-cerberus/ef_f_w2","tints":[{"default":-1,"type":"minecraft:dye"}],"type":"minecraft:model"},"threshold":577},{"model":{"model":"modelengine:cubee-cerberus/ef_f_b2","tints":[{"default":-1,"type":"minecraft:dye"}],"type":"minecraft:model"},"threshold":578},{"model":{"model":"modelengine:cubee-cerberus/ef_f_o5","tints":[{"default":-1,"type":"minecraft:dye"}],"type":"minecraft:model"},"threshold":579},{"model":{"model":"modelengine:cubee-cerberus/ef_f_w5","tints":[{"default":-1,"type":"minecraft:dye"}],"type":"minecraft:model"},"threshold":580},{"model":{"model":"modelengine:cubee-cerberus/ef_f_b5","tints":[{"default":-1,"type":"minecraft:dye"}],"type":"minecraft:model"},"threshold":581},{"model":{"model":"modelengine:cubee-cerberus/efcircle1","tints":[{"default":-1,"type":"minecraft:dye"}],"type":"minecraft:model"},"threshold":582},{"model":{"model":"modelengine:cubee-cerberus/efcircle3","tints":[{"default":-1,"type":"minecraft:dye"}],"type":"minecraft:model"},"threshold":583},{"model":{"model":"modelengine:cubee-cerberus/efcircle2","tints":[{"default":-1,"type":"minecraft:dye"}],"type":"minecraft:model"},"threshold":584},{"model":{"model":"modelengine:cubee-cerberus/ef_f_o","tints":[{"default":-1,"type":"minecraft:dye"}],"type":"minecraft:model"},"threshold":585},{"model":{"model":"modelengine:cubee-cerberus/ef_f_b","tints":[{"default":-1,"type":"minecraft:dye"}],"type":"minecraft:model"},"threshold":586},{"model":{"model":"modelengine:cubee-cerberus/ef_f_w","tints":[{"default":-1,"type":"minecraft:dye"}],"type":"minecraft:model"},"threshold":587},{"model":{"model":"modelengine:cubee-cerberus/ef_f_b4","tints":[{"default":-1,"type":"minecraft:dye"}],"type":"minecraft:model"},"threshold":588},{"model":{"model":"modelengine:cubee-cerberus/ef_f_o4","tints":[{"default":-1,"type":"minecraft:dye"}],"type":"minecraft:model"},"threshold":589},{"model":{"model":"modelengine:cubee-cerberus/ef_f_w4","tints":[{"default":-1,"type":"minecraft:dye"}],"type":"minecraft:model"},"threshold":590},{"model":{"model":"modelengine:cubee-cerberus/righteye2","tints":[{"default":-1,"type":"minecraft:dye"}],"type":"minecraft:model"},"threshold":591},{"model":{"model":"modelengine:cubee-cerberus/lefteye2","tints":[{"default":-1,"type":"minecraft:dye"}],"type":"minecraft:model"},"threshold":592},{"model":{"model":"modelengine:cubee-cerberus/jaw2","tints":[{"default":-1,"type":"minecraft:dye"}],"type":"minecraft:model"},"threshold":593},{"model":{"model":"modelengine:cubee-cerberus/chain6","tints":[{"default":-1,"type":"minecraft:dye"}],"type":"minecraft:model"},"threshold":594},{"model":{"model":"modelengine:cubee-cerberus/leftarm2","tints":[{"default":-1,"type":"minecraft:dye"}],"type":"minecraft:model"},"threshold":595},{"model":{"model":"modelengine:cubee-cerberus/lefteye","tints":[{"default":-1,"type":"minecraft:dye"}],"type":"minecraft:model"},"threshold":596},{"model":{"model":"modelengine:cubee-cerberus/chain1","tints":[{"default":-1,"type":"minecraft:dye"}],"type":"minecraft:model"},"threshold":597},{"model":{"model":"modelengine:cubee-cerberus/jaw","tints":[{"default":-1,"type":"minecraft:dye"}],"type":"minecraft:model"},"threshold":598},{"model":{"model":"modelengine:cubee-cerberus/righteye","tints":[{"default":-1,"type":"minecraft:dye"}],"type":"minecraft:model"},"threshold":599},{"model":{"model":"modelengine:cubee-cerberus/rightarm2","tints":[{"default":-1,"type":"minecraft:dye"}],"type":"minecraft:model"},"threshold":600},{"model":{"model":"modelengine:cubee-cerberus/chain9","tints":[{"default":-1,"type":"minecraft:dye"}],"type":"minecraft:model"},"threshold":601},{"model":{"model":"modelengine:cubee-cerberus/righteye3","tints":[{"default":-1,"type":"minecraft:dye"}],"type":"minecraft:model"},"threshold":602},{"model":{"model":"modelengine:cubee-cerberus/jaw3","tints":[{"default":-1,"type":"minecraft:dye"}],"type":"minecraft:model"},"threshold":603},{"model":{"model":"modelengine:cubee-cerberus/lefteye3","tints":[{"default":-1,"type":"minecraft:dye"}],"type":"minecraft:model"},"threshold":604},{"model":{"model":"modelengine:cubee-cerberus/chain7","tints":[{"default":-1,"type":"minecraft:dye"}],"type":"minecraft:model"},"threshold":605},{"model":{"model":"modelengine:cubee-cerberus/chain2","tints":[{"default":-1,"type":"minecraft:dye"}],"type":"minecraft:model"},"threshold":606},{"model":{"model":"modelengine:cubee-cerberus/chain10","tints":[{"default":-1,"type":"minecraft:dye"}],"type":"minecraft:model"},"threshold":607},{"model":{"model":"modelengine:cubee-cerberus/chain8","tints":[{"default":-1,"type":"minecraft:dye"}],"type":"minecraft:model"},"threshold":608},{"model":{"model":"modelengine:cubee-cerberus/chain3","tints":[{"default":-1,"type":"minecraft:dye"}],"type":"minecraft:model"},"threshold":609},{"model":{"model":"modelengine:cubee-cerberus/chain11","tints":[{"default":-1,"type":"minecraft:dye"}],"type":"minecraft:model"},"threshold":610},{"model":{"model":"modelengine:cubee-cerberus/chain4","tints":[{"default":-1,"type":"minecraft:dye"}],"type":"minecraft:model"},"threshold":611},{"model":{"model":"modelengine:cubee-cerberus/chain5","tints":[{"default":-1,"type":"minecraft:dye"}],"type":"minecraft:model"},"threshold":612}],"fallback":{"model":"minecraft:item/leather_horse_armor","tints":[{"default":-6265536,"type":"minecraft:dye"}],"type":"minecraft:model"},"property":"minecraft:custom_model_data","type":"minecraft:range_dispatch"},"oversized_in_gui":true}