{
  "providers": [
    {
      "type": "space",
      "advances": {
        "\uf801": -1,
        "\uf802": -2,
        "\uf803": -4,
        "\uf804": -8,
        "\uf805": -16,
        "\uf806": -32,
        "\uf807": -64,
        "\uf808": -128,
        "\uf811": 1,
        "\uf812": 2,
        "\uf813": 4,
        "\uf814": 8,
        "\uf815": 16,
        "\uf816": 32,
        "\uf817": 64,
        "\uf818": 128
      }
    },
    {
      "type": "bitmap",
      "file": "bitterharvest:gui/pet_menu.png",
      "ascent": 210,
      "height": 222,
      "chars": [
        "\ue000"
      ]
    },
    {
      "type": "bitmap",
      "file": "bitterharvest:gui/all_pets.png",
      "ascent": 174,
      "height": 186,
      "chars": [
        "\ue001"
      ]
    },
    {
      "type": "bitmap",
      "file": "bitterharvest:gui/feed_selector.png",
      "ascent": 102,
      "height": 114,
      "chars": [
        "\ue002"
      ]
    },
    {
      "type": "bitmap",
      "file": "bitterharvest:gui/confirm_dialog.png",
      "ascent": 66,
      "height": 78,
      "chars": [
        "\ue003"
      ]
    },
    {
      "type": "bitmap",
      "file": "bitterharvest:gui/shop.png",
      "ascent": 210,
      "height": 222,
      "chars": [
        "\ue004"
      ]
    },
    {
      "type": "bitmap",
      "file": "bitterharvest:gui/default_small.png",
      "ascent": 102,
      "height": 114,
      "chars": [
        "\ue005"
      ]
    },
    {
      "type": "bitmap",
      "file": "bitterharvest:gui/default_large.png",
      "ascent": 210,
      "height": 222,
      "chars": [
        "\ue006"
      ]
    }
  ]
}