{
  "providers": [
    {
      "type": "bitmap",
      "file": "bitterharvest:font/space.png",
      "ascent": 0,
      "height": 1,
      "chars": [
        "\uf801"
      ]
    },
    {
      "type": "bitmap",
      "file": "bitterharvest:font/space.png",
      "ascent": 0,
      "height": 1,
      "chars": [
        "\uf802"
      ]
    },
    {
      "type": "bitmap",
      "file": "bitterharvest:font/space.png",
      "ascent": 0,
      "height": 1,
      "chars": [
        "\uf803"
      ]
    },
    {
      "type": "bitmap",
      "file": "bitterharvest:font/space.png",
      "ascent": 0,
      "height": 1,
      "chars": [
        "\uf804"
      ]
    },
    {
      "type": "bitmap",
      "file": "bitterharvest:font/space.png",
      "ascent": 0,
      "height": 1,
      "chars": [
        "\uf805"
      ]
    },
    {
      "type": "bitmap",
      "file": "bitterharvest:font/space.png",
      "ascent": 0,
      "height": 1,
      "chars": [
        "\uf806"
      ]
    },
    {
      "type": "bitmap",
      "file": "bitterharvest:font/space.png",
      "ascent": 0,
      "height": 1,
      "chars": [
        "\uf807"
      ]
    },
    {
      "type": "bitmap",
      "file": "bitterharvest:font/space.png",
      "ascent": 0,
      "height": 1,
      "chars": [
        "\uf808"
      ]
    },
    {
      "type": "bitmap",
      "file": "bitterharvest:font/space.png",
      "ascent": 0,
      "height": 1,
      "chars": [
        "\uf811"
      ]
    },
    {
      "type": "bitmap",
      "file": "bitterharvest:font/space.png",
      "ascent": 0,
      "height": 1,
      "chars": [
        "\uf812"
      ]
    },
    {
      "type": "bitmap",
      "file": "bitterharvest:font/space.png",
      "ascent": 0,
      "height": 1,
      "chars": [
        "\uf813"
      ]
    },
    {
      "type": "bitmap",
      "file": "bitterharvest:font/space.png",
      "ascent": 0,
      "height": 1,
      "chars": [
        "\uf814"
      ]
    },
    {
      "type": "bitmap",
      "file": "bitterharvest:font/space.png",
      "ascent": 0,
      "height": 1,
      "chars": [
        "\uf815"
      ]
    },
    {
      "type": "bitmap",
      "file": "bitterharvest:font/space.png",
      "ascent": 0,
      "height": 1,
      "chars": [
        "\uf816"
      ]
    },
    {
      "type": "bitmap",
      "file": "bitterharvest:font/space.png",
      "ascent": 0,
      "height": 1,
      "chars": [
        "\uf817"
      ]
    },
    {
      "type": "bitmap",
      "file": "bitterharvest:font/space.png",
      "ascent": 0,
      "height": 1,
      "chars": [
        "\uf818"
      ]
    },
    {
      "type": "bitmap",
      "file": "bitterharvest:gui/pet_menu.png",
      "ascent": 210,
      "height": 222,
      "chars": [
        "\ue000"
      ]
    },
    {
      "type": "bitmap",
      "file": "bitterharvest:gui/all_pets.png",
      "ascent": 174,
      "height": 186,
      "chars": [
        "\ue001"
      ]
    },
    {
      "type": "bitmap",
      "file": "bitterharvest:gui/feed_selector.png",
      "ascent": 102,
      "height": 114,
      "chars": [
        "\ue002"
      ]
    },
    {
      "type": "bitmap",
      "file": "bitterharvest:gui/confirm_dialog.png",
      "ascent": 66,
      "height": 78,
      "chars": [
        "\ue003"
      ]
    },
    {
      "type": "bitmap",
      "file": "bitterharvest:gui/shop.png",
      "ascent": 210,
      "height": 222,
      "chars": [
        "\ue004"
      ]
    },
    {
      "type": "bitmap",
      "file": "bitterharvest:gui/default_small.png",
      "ascent": 102,
      "height": 114,
      "chars": [
        "\ue005"
      ]
    },
    {
      "type": "bitmap",
      "file": "bitterharvest:gui/default_large.png",
      "ascent": 210,
      "height": 222,
      "chars": [
        "\ue006"
      ]
    }
  ]
}