{"overrides":[{"predicate":{"custom_model_data":1},"model":"modelengine:pet_frost_wolf/body"},{"predicate":{"custom_model_data":2},"model":"modelengine:pet_ice_dragon/body"},{"predicate":{"custom_model_data":3},"model":"modelengine:pet_hellhound/body"},{"predicate":{"custom_model_data":4},"model":"modelengine:pet_kitsune/body"},{"predicate":{"custom_model_data":5},"model":"modelengine:pet_angel/body"},{"predicate":{"custom_model_data":6},"model":"modelengine:pet_dark_kitsune/body"},{"predicate":{"custom_model_data":7},"model":"modelengine:pet_fire_dragon/body"},{"predicate":{"custom_model_data":8},"model":"modelengine:pet_demon/body"},{"predicate":{"custom_model_data":9},"model":"modelengine:pet_eagle/body"},{"predicate":{"custom_model_data":10},"model":"modelengine:pet_aether_dragon/body"},{"predicate":{"custom_model_data":11},"model":"modelengine:pet_kitsune/right_ear"},{"predicate":{"custom_model_data":12},"model":"modelengine:pet_ice_dragon/left_arm"},{"predicate":{"custom_model_data":13},"model":"modelengine:pet_kitsune/left_arm"},{"predicate":{"custom_model_data":14},"model":"modelengine:pet_frost_wolf/left_ear"},{"predicate":{"custom_model_data":15},"model":"modelengine:pet_eagle/right_wing"},{"predicate":{"custom_model_data":16},"model":"modelengine:pet_frost_wolf/tail"},{"predicate":{"custom_model_data":17},"model":"modelengine:pet_aether_dragon/left_arm"},{"predicate":{"custom_model_data":18},"model":"modelengine:pet_frost_wolf/left_arm"},{"predicate":{"custom_model_data":19},"model":"modelengine:pet_eagle/left_wing"},{"predicate":{"custom_model_data":20},"model":"modelengine:pet_frost_wolf/left_leg"},{"predicate":{"custom_model_data":21},"model":"modelengine:pet_eagle/tail"},{"predicate":{"custom_model_data":22},"model":"modelengine:pet_frost_wolf/right_leg"},{"predicate":{"custom_model_data":23},"model":"modelengine:pet_eagle/left_leg"},{"predicate":{"custom_model_data":24},"model":"modelengine:pet_frost_wolf/right_arm"},{"predicate":{"custom_model_data":25},"model":"modelengine:pet_eagle/right_leg"},{"predicate":{"custom_model_data":26},"model":"modelengine:pet_frost_wolf/right_ear"},{"predicate":{"custom_model_data":27},"model":"modelengine:pet_eagle/right_wing_end"},{"predicate":{"custom_model_data":28},"model":"modelengine:pet_eagle/left_wing_end"},{"predicate":{"custom_model_data":29},"model":"modelengine:pet_angel/left_arm"},{"predicate":{"custom_model_data":30},"model":"modelengine:pet_hellhound/left_ear"},{"predicate":{"custom_model_data":31},"model":"modelengine:pet_angel/right_arm"},{"predicate":{"custom_model_data":32},"model":"modelengine:pet_hellhound/tail"},{"predicate":{"custom_model_data":33},"model":"modelengine:pet_hellhound/left_arm"},{"predicate":{"custom_model_data":34},"model":"modelengine:pet_angel/left_wing"},{"predicate":{"custom_model_data":35},"model":"modelengine:pet_hellhound/left_leg"},{"predicate":{"custom_model_data":36},"model":"modelengine:pet_angel/right_leg"},{"predicate":{"custom_model_data":37},"model":"modelengine:pet_hellhound/right_leg"},{"predicate":{"custom_model_data":38},"model":"modelengine:pet_angel/ring"},{"predicate":{"custom_model_data":39},"model":"modelengine:pet_hellhound/right_arm"},{"predicate":{"custom_model_data":40},"model":"modelengine:pet_hellhound/right_ear"},{"predicate":{"custom_model_data":41},"model":"modelengine:pet_angel/left_leg"},{"predicate":{"custom_model_data":42},"model":"modelengine:pet_fire_dragon/left_arm"},{"predicate":{"custom_model_data":43},"model":"modelengine:pet_angel/right_wing"},{"predicate":{"custom_model_data":44},"model":"modelengine:pet_fire_dragon/right_wing"},{"predicate":{"custom_model_data":45},"model":"modelengine:pet_angel/left_wing_end"},{"predicate":{"custom_model_data":46},"model":"modelengine:pet_fire_dragon/left_leg"},{"predicate":{"custom_model_data":47},"model":"modelengine:pet_angel/right_wing_end"},{"predicate":{"custom_model_data":48},"model":"modelengine:pet_fire_dragon/right_leg"},{"predicate":{"custom_model_data":49},"model":"modelengine:pet_fire_dragon/right_arm"},{"predicate":{"custom_model_data":50},"model":"modelengine:pet_dark_kitsune/right_ear"},{"predicate":{"custom_model_data":51},"model":"modelengine:pet_fire_dragon/tail"},{"predicate":{"custom_model_data":52},"model":"modelengine:pet_dark_kitsune/left_arm"},{"predicate":{"custom_model_data":53},"model":"modelengine:pet_fire_dragon/jaw"},{"predicate":{"custom_model_data":54},"model":"modelengine:pet_dark_kitsune/right_tail"},{"predicate":{"custom_model_data":55},"model":"modelengine:pet_fire_dragon/left_wing"},{"predicate":{"custom_model_data":56},"model":"modelengine:pet_dark_kitsune/left_ear"},{"predicate":{"custom_model_data":57},"model":"modelengine:pet_fire_dragon/right_wing_end"},{"predicate":{"custom_model_data":58},"model":"modelengine:pet_dark_kitsune/tail"},{"predicate":{"custom_model_data":59},"model":"modelengine:pet_fire_dragon/tail_end"},{"predicate":{"custom_model_data":60},"model":"modelengine:pet_dark_kitsune/right_arm"},{"predicate":{"custom_model_data":61},"model":"modelengine:pet_fire_dragon/left_wing_end"},{"predicate":{"custom_model_data":62},"model":"modelengine:pet_dark_kitsune/right_leg"},{"predicate":{"custom_model_data":63},"model":"modelengine:pet_dark_kitsune/left_tail"},{"predicate":{"custom_model_data":64},"model":"modelengine:pet_dark_kitsune/left_leg"},{"predicate":{"custom_model_data":65},"model":"modelengine:pet_dark_kitsune/right_tail_end"},{"predicate":{"custom_model_data":66},"model":"modelengine:pet_demon/left_arm"},{"predicate":{"custom_model_data":67},"model":"modelengine:pet_dark_kitsune/tail_end"},{"predicate":{"custom_model_data":68},"model":"modelengine:pet_dark_kitsune/left_tail_end"},{"predicate":{"custom_model_data":69},"model":"modelengine:pet_demon/right_arm"},{"predicate":{"custom_model_data":70},"model":"modelengine:pet_demon/left_wing"},{"predicate":{"custom_model_data":71},"model":"modelengine:pet_demon/right_leg"},{"predicate":{"custom_model_data":72},"model":"modelengine:pet_demon/left_leg"},{"predicate":{"custom_model_data":73},"model":"modelengine:pet_demon/right_wing"},{"predicate":{"custom_model_data":74},"model":"modelengine:pet_demon/left_wing_end"},{"predicate":{"custom_model_data":75},"model":"modelengine:pet_demon/right_wing_end"},{"predicate":{"custom_model_data":76},"model":"modelengine:pet_aether_dragon/right_wing"},{"predicate":{"custom_model_data":77},"model":"modelengine:pet_aether_dragon/left_leg"},{"predicate":{"custom_model_data":78},"model":"modelengine:pet_ice_dragon/right_wing"},{"predicate":{"custom_model_data":79},"model":"modelengine:pet_aether_dragon/right_leg"},{"predicate":{"custom_model_data":80},"model":"modelengine:pet_ice_dragon/left_leg"},{"predicate":{"custom_model_data":81},"model":"modelengine:pet_aether_dragon/right_arm"},{"predicate":{"custom_model_data":82},"model":"modelengine:pet_kitsune/right_tail"},{"predicate":{"custom_model_data":83},"model":"modelengine:pet_ice_dragon/right_leg"},{"predicate":{"custom_model_data":84},"model":"modelengine:pet_aether_dragon/tail"},{"predicate":{"custom_model_data":85},"model":"modelengine:pet_ice_dragon/right_arm"},{"predicate":{"custom_model_data":86},"model":"modelengine:pet_kitsune/left_ear"},{"predicate":{"custom_model_data":87},"model":"modelengine:pet_ice_dragon/tail"},{"predicate":{"custom_model_data":88},"model":"modelengine:pet_kitsune/tail"},{"predicate":{"custom_model_data":89},"model":"modelengine:pet_ice_dragon/jaw"},{"predicate":{"custom_model_data":90},"model":"modelengine:pet_kitsune/right_arm"},{"predicate":{"custom_model_data":91},"model":"modelengine:pet_ice_dragon/left_wing"},{"predicate":{"custom_model_data":92},"model":"modelengine:pet_kitsune/right_leg"},{"predicate":{"custom_model_data":93},"model":"modelengine:pet_ice_dragon/right_wing_end"},{"predicate":{"custom_model_data":94},"model":"modelengine:pet_kitsune/left_tail"},{"predicate":{"custom_model_data":95},"model":"modelengine:pet_ice_dragon/tail_end"},{"predicate":{"custom_model_data":96},"model":"modelengine:pet_kitsune/left_leg"},{"predicate":{"custom_model_data":97},"model":"modelengine:pet_ice_dragon/left_wing_end"},{"predicate":{"custom_model_data":98},"model":"modelengine:pet_kitsune/right_tail_end"},{"predicate":{"custom_model_data":99},"model":"modelengine:pet_kitsune/tail_end"},{"predicate":{"custom_model_data":100},"model":"modelengine:pet_aether_dragon/jaw"},{"predicate":{"custom_model_data":101},"model":"modelengine:pet_kitsune/left_tail_end"},{"predicate":{"custom_model_data":102},"model":"modelengine:pet_aether_dragon/left_wing"},{"predicate":{"custom_model_data":103},"model":"modelengine:pet_aether_dragon/right_wing_end"},{"predicate":{"custom_model_data":104},"model":"modelengine:pet_aether_dragon/tail_end"},{"predicate":{"custom_model_data":105},"model":"modelengine:pet_aether_dragon/left_wing_end"},{"predicate":{"custom_model_data":106},"model":"modelengine:pet_shuriken_ninja/body"},{"predicate":{"custom_model_data":107},"model":"modelengine:pet_shuriken_ninja/left_arm"},{"predicate":{"custom_model_data":108},"model":"modelengine:pet_shuriken_ninja/right_leg"},{"predicate":{"custom_model_data":109},"model":"modelengine:pet_shuriken_ninja/right_arm"},{"predicate":{"custom_model_data":110},"model":"modelengine:pet_shuriken_ninja/left_leg"},{"predicate":{"custom_model_data":111},"model":"modelengine:pet_shuriken_ninja/weapon"},{"predicate":{"custom_model_data":112},"model":"modelengine:pet_thunderbird/body"},{"predicate":{"custom_model_data":113},"model":"modelengine:pet_thunderbird/right_wing"},{"predicate":{"custom_model_data":114},"model":"modelengine:pet_thunderbird/left_wing"},{"predicate":{"custom_model_data":115},"model":"modelengine:pet_thunderbird/tail"},{"predicate":{"custom_model_data":116},"model":"modelengine:pet_thunderbird/left_leg"},{"predicate":{"custom_model_data":117},"model":"modelengine:pet_thunderbird/right_leg"},{"predicate":{"custom_model_data":118},"model":"modelengine:pet_thunderbird/right_wing_end"},{"predicate":{"custom_model_data":119},"model":"modelengine:pet_thunderbird/left_wing_end"},{"predicate":{"custom_model_data":120},"model":"modelengine:pet_phoenix/body"},{"predicate":{"custom_model_data":121},"model":"modelengine:pet_phoenix/right_wing"},{"predicate":{"custom_model_data":122},"model":"modelengine:pet_phoenix/left_wing"},{"predicate":{"custom_model_data":123},"model":"modelengine:pet_phoenix/tail"},{"predicate":{"custom_model_data":124},"model":"modelengine:pet_phoenix/left_leg"},{"predicate":{"custom_model_data":125},"model":"modelengine:pet_phoenix/right_leg"},{"predicate":{"custom_model_data":126},"model":"modelengine:pet_phoenix/right_wing_end"},{"predicate":{"custom_model_data":127},"model":"modelengine:pet_phoenix/left_wing_end"},{"predicate":{"custom_model_data":128},"model":"modelengine:pet_sai_ninja/body"},{"predicate":{"custom_model_data":129},"model":"modelengine:pet_sai_ninja/left_arm"},{"predicate":{"custom_model_data":130},"model":"modelengine:pet_sai_ninja/right_leg"},{"predicate":{"custom_model_data":131},"model":"modelengine:pet_sai_ninja/right_arm"},{"predicate":{"custom_model_data":132},"model":"modelengine:pet_sai_ninja/left_leg"},{"predicate":{"custom_model_data":133},"model":"modelengine:pet_sai_ninja/weapon"},{"predicate":{"custom_model_data":134},"model":"modelengine:pet_sai_ninja/weapon2"},{"predicate":{"custom_model_data":135},"model":"modelengine:pet_samurai/body"},{"predicate":{"custom_model_data":136},"model":"modelengine:pet_samurai/left_arm"},{"predicate":{"custom_model_data":137},"model":"modelengine:pet_samurai/right_leg"},{"predicate":{"custom_model_data":138},"model":"modelengine:pet_samurai/right_arm"},{"predicate":{"custom_model_data":139},"model":"modelengine:pet_samurai/left_leg"},{"predicate":{"custom_model_data":140},"model":"modelengine:pet_samurai/weapon"},{"predicate":{"custom_model_data":141},"model":"modelengine:pet_lunar_wolf/body"},{"predicate":{"custom_model_data":142},"model":"modelengine:pet_lunar_wolf/left_ear"},{"predicate":{"custom_model_data":143},"model":"modelengine:pet_lunar_wolf/tail"},{"predicate":{"custom_model_data":144},"model":"modelengine:pet_lunar_wolf/left_arm"},{"predicate":{"custom_model_data":145},"model":"modelengine:pet_lunar_wolf/left_leg"},{"predicate":{"custom_model_data":146},"model":"modelengine:pet_lunar_wolf/right_leg"},{"predicate":{"custom_model_data":147},"model":"modelengine:pet_lunar_wolf/right_arm"},{"predicate":{"custom_model_data":148},"model":"modelengine:pet_lunar_wolf/right_ear"},{"predicate":{"custom_model_data":149},"model":"modelengine:pet_thunder_dragon/body"},{"predicate":{"custom_model_data":150},"model":"modelengine:pet_thunder_dragon/left_arm"},{"predicate":{"custom_model_data":151},"model":"modelengine:pet_thunder_dragon/right_wing"},{"predicate":{"custom_model_data":152},"model":"modelengine:pet_thunder_dragon/left_leg"},{"predicate":{"custom_model_data":153},"model":"modelengine:pet_thunder_dragon/right_leg"},{"predicate":{"custom_model_data":154},"model":"modelengine:pet_thunder_dragon/right_arm"},{"predicate":{"custom_model_data":155},"model":"modelengine:pet_thunder_dragon/tail"},{"predicate":{"custom_model_data":156},"model":"modelengine:pet_thunder_dragon/jaw"},{"predicate":{"custom_model_data":157},"model":"modelengine:pet_thunder_dragon/left_wing"},{"predicate":{"custom_model_data":158},"model":"modelengine:pet_thunder_dragon/right_wing_end"},{"predicate":{"custom_model_data":159},"model":"modelengine:pet_thunder_dragon/tail_end"},{"predicate":{"custom_model_data":160},"model":"modelengine:pet_thunder_dragon/left_wing_end"},{"predicate":{"custom_model_data":161},"model":"modelengine:pet_spirit_fox/body"},{"predicate":{"custom_model_data":162},"model":"modelengine:pet_spirit_fox/right_ear"},{"predicate":{"custom_model_data":163},"model":"modelengine:pet_spirit_fox/left_arm"},{"predicate":{"custom_model_data":164},"model":"modelengine:pet_spirit_fox/left_ear"},{"predicate":{"custom_model_data":165},"model":"modelengine:pet_spirit_fox/tail"},{"predicate":{"custom_model_data":166},"model":"modelengine:pet_spirit_fox/right_arm"},{"predicate":{"custom_model_data":167},"model":"modelengine:pet_spirit_fox/right_leg"},{"predicate":{"custom_model_data":168},"model":"modelengine:pet_spirit_fox/left_leg"},{"predicate":{"custom_model_data":169},"model":"modelengine:pet_spirit_fox/tail_end"},{"predicate":{"custom_model_data":170},"model":"modelengine:internal_fire/fire_0"},{"predicate":{"custom_model_data":171},"model":"modelengine:internal_fire/fire_1"},{"predicate":{"custom_model_data":172},"model":"modelengine:pet_shadow_dragon/body"},{"predicate":{"custom_model_data":173},"model":"modelengine:pet_shadow_dragon/left_arm"},{"predicate":{"custom_model_data":174},"model":"modelengine:pet_shadow_dragon/right_wing"},{"predicate":{"custom_model_data":175},"model":"modelengine:pet_shadow_dragon/left_leg"},{"predicate":{"custom_model_data":176},"model":"modelengine:pet_shadow_dragon/right_leg"},{"predicate":{"custom_model_data":177},"model":"modelengine:pet_shadow_dragon/right_arm"},{"predicate":{"custom_model_data":178},"model":"modelengine:pet_shadow_dragon/tail"},{"predicate":{"custom_model_data":179},"model":"modelengine:pet_shadow_dragon/jaw"},{"predicate":{"custom_model_data":180},"model":"modelengine:pet_shadow_dragon/left_wing"},{"predicate":{"custom_model_data":181},"model":"modelengine:pet_shadow_dragon/right_wing_end"},{"predicate":{"custom_model_data":182},"model":"modelengine:pet_shadow_dragon/tail_end"},{"predicate":{"custom_model_data":183},"model":"modelengine:pet_shadow_dragon/left_wing_end"},{"predicate":{"custom_model_data":184},"model":"modelengine:pet_nature_dragon/body"},{"predicate":{"custom_model_data":185},"model":"modelengine:pet_nature_dragon/left_arm"},{"predicate":{"custom_model_data":186},"model":"modelengine:pet_nature_dragon/right_wing"},{"predicate":{"custom_model_data":187},"model":"modelengine:pet_nature_dragon/left_leg"},{"predicate":{"custom_model_data":188},"model":"modelengine:pet_nature_dragon/right_leg"},{"predicate":{"custom_model_data":189},"model":"modelengine:pet_nature_dragon/right_arm"},{"predicate":{"custom_model_data":190},"model":"modelengine:pet_nature_dragon/tail"},{"predicate":{"custom_model_data":191},"model":"modelengine:pet_nature_dragon/jaw"},{"predicate":{"custom_model_data":192},"model":"modelengine:pet_nature_dragon/left_wing"},{"predicate":{"custom_model_data":193},"model":"modelengine:pet_nature_dragon/right_wing_end"},{"predicate":{"custom_model_data":194},"model":"modelengine:pet_nature_dragon/tail_end"},{"predicate":{"custom_model_data":195},"model":"modelengine:pet_nature_dragon/left_wing_end"},{"predicate":{"custom_model_data":196},"model":"modelengine:wind_tornado/bone"},{"predicate":{"custom_model_data":197},"model":"modelengine:pet_wind_dragon/body"},{"predicate":{"custom_model_data":198},"model":"modelengine:pet_wind_dragon/left_arm"},{"predicate":{"custom_model_data":199},"model":"modelengine:pet_wind_dragon/right_wing"},{"predicate":{"custom_model_data":200},"model":"modelengine:pet_wind_dragon/left_leg"},{"predicate":{"custom_model_data":201},"model":"modelengine:pet_wind_dragon/right_leg"},{"predicate":{"custom_model_data":202},"model":"modelengine:pet_wind_dragon/right_arm"},{"predicate":{"custom_model_data":203},"model":"modelengine:pet_wind_dragon/tail"},{"predicate":{"custom_model_data":204},"model":"modelengine:pet_wind_dragon/jaw"},{"predicate":{"custom_model_data":205},"model":"modelengine:pet_wind_dragon/left_wing"},{"predicate":{"custom_model_data":206},"model":"modelengine:pet_wind_dragon/right_wing_end"},{"predicate":{"custom_model_data":207},"model":"modelengine:pet_wind_dragon/tail_end"},{"predicate":{"custom_model_data":208},"model":"modelengine:pet_wind_dragon/left_wing_end"},{"predicate":{"custom_model_data":209},"model":"modelengine:pet_undead_dragon/body"},{"predicate":{"custom_model_data":210},"model":"modelengine:pet_undead_dragon/left_arm"},{"predicate":{"custom_model_data":211},"model":"modelengine:pet_undead_dragon/right_wing"},{"predicate":{"custom_model_data":212},"model":"modelengine:pet_undead_dragon/left_leg"},{"predicate":{"custom_model_data":213},"model":"modelengine:pet_undead_dragon/right_leg"},{"predicate":{"custom_model_data":214},"model":"modelengine:pet_undead_dragon/right_arm"},{"predicate":{"custom_model_data":215},"model":"modelengine:pet_undead_dragon/tail"},{"predicate":{"custom_model_data":216},"model":"modelengine:pet_undead_dragon/jaw"},{"predicate":{"custom_model_data":217},"model":"modelengine:pet_undead_dragon/left_wing"},{"predicate":{"custom_model_data":218},"model":"modelengine:pet_undead_dragon/right_wing_end"},{"predicate":{"custom_model_data":219},"model":"modelengine:pet_undead_dragon/tail_end"},{"predicate":{"custom_model_data":220},"model":"modelengine:pet_undead_dragon/left_wing_end"},{"predicate":{"custom_model_data":221},"model":"modelengine:cubee-kirin/efcircle1"},{"predicate":{"custom_model_data":222},"model":"modelengine:cubee-kirin/efball1"},{"predicate":{"custom_model_data":223},"model":"modelengine:cubee-kirin/efball4"},{"predicate":{"custom_model_data":224},"model":"modelengine:cubee-kirin/magic_circle"},{"predicate":{"custom_model_data":225},"model":"modelengine:cubee-kirin/efball5"},{"predicate":{"custom_model_data":226},"model":"modelengine:cubee-kirin/efball3"},{"predicate":{"custom_model_data":227},"model":"modelengine:cubee-kirin/efball2"},{"predicate":{"custom_model_data":228},"model":"modelengine:cubee-kirin/head"},{"predicate":{"custom_model_data":229},"model":"modelengine:cubee-kirin/bone2"},{"predicate":{"custom_model_data":230},"model":"modelengine:cubee-kirin/bone"},{"predicate":{"custom_model_data":231},"model":"modelengine:cubee-kirin/bone3"},{"predicate":{"custom_model_data":232},"model":"modelengine:cubee-kirin/head2"},{"predicate":{"custom_model_data":233},"model":"modelengine:cubee-kirin/body"},{"predicate":{"custom_model_data":234},"model":"modelengine:cubee-kirin/rightleg"},{"predicate":{"custom_model_data":235},"model":"modelengine:cubee-kirin/jaw"},{"predicate":{"custom_model_data":236},"model":"modelengine:cubee-kirin/leftleg"},{"predicate":{"custom_model_data":237},"model":"modelengine:cubee-kirin/rightleg2"},{"predicate":{"custom_model_data":238},"model":"modelengine:cubee-kirin/leftleg2"},{"predicate":{"custom_model_data":239},"model":"modelengine:cubee-kirin/lefteye"},{"predicate":{"custom_model_data":240},"model":"modelengine:cubee-kirin/righteye"},{"predicate":{"custom_model_data":241},"model":"modelengine:cubee-kirin/tail"},{"predicate":{"custom_model_data":242},"model":"modelengine:cubee-kirin/jaw2"},{"predicate":{"custom_model_data":243},"model":"modelengine:cubee-kirin/body2"},{"predicate":{"custom_model_data":244},"model":"modelengine:cubee-kirin/leftpupil"},{"predicate":{"custom_model_data":245},"model":"modelengine:cubee-kirin/rightpupil"},{"predicate":{"custom_model_data":246},"model":"modelengine:cubee-kirin/tail2"},{"predicate":{"custom_model_data":247},"model":"modelengine:cubee-kirin/body3"},{"predicate":{"custom_model_data":248},"model":"modelengine:cubee-kirin/body4"},{"predicate":{"custom_model_data":249},"model":"modelengine:cubee-kirin/body5"},{"predicate":{"custom_model_data":250},"model":"modelengine:cubee-kirin/body6"},{"predicate":{"custom_model_data":251},"model":"modelengine:cubee-kirin/body7"},{"predicate":{"custom_model_data":252},"model":"modelengine:cubee-kirin/body8"},{"predicate":{"custom_model_data":253},"model":"modelengine:cubee-kirin/body9"},{"predicate":{"custom_model_data":254},"model":"modelengine:cubee-unicorn/efcircle3"},{"predicate":{"custom_model_data":255},"model":"modelengine:cubee-unicorn/efball2"},{"predicate":{"custom_model_data":256},"model":"modelengine:cubee-unicorn/efcircle2"},{"predicate":{"custom_model_data":257},"model":"modelengine:cubee-unicorn/efball4"},{"predicate":{"custom_model_data":258},"model":"modelengine:cubee-unicorn/efball5"},{"predicate":{"custom_model_data":259},"model":"modelengine:cubee-unicorn/efcircle1"},{"predicate":{"custom_model_data":260},"model":"modelengine:cubee-unicorn/efball3"},{"predicate":{"custom_model_data":261},"model":"modelengine:cubee-unicorn/efball1"},{"predicate":{"custom_model_data":262},"model":"modelengine:cubee-unicorn/head"},{"predicate":{"custom_model_data":263},"model":"modelengine:cubee-unicorn/ef_impact1"},{"predicate":{"custom_model_data":264},"model":"modelengine:cubee-unicorn/ef_impact3"},{"predicate":{"custom_model_data":265},"model":"modelengine:cubee-unicorn/ef_impact2"},{"predicate":{"custom_model_data":266},"model":"modelengine:cubee-unicorn/ef_impact4"},{"predicate":{"custom_model_data":267},"model":"modelengine:cubee-unicorn/righteye"},{"predicate":{"custom_model_data":268},"model":"modelengine:cubee-unicorn/leftleg"},{"predicate":{"custom_model_data":269},"model":"modelengine:cubee-unicorn/rightleg"},{"predicate":{"custom_model_data":270},"model":"modelengine:cubee-unicorn/rightear"},{"predicate":{"custom_model_data":271},"model":"modelengine:cubee-unicorn/horn"},{"predicate":{"custom_model_data":272},"model":"modelengine:cubee-unicorn/tail"},{"predicate":{"custom_model_data":273},"model":"modelengine:cubee-unicorn/rightleg2"},{"predicate":{"custom_model_data":274},"model":"modelengine:cubee-unicorn/leftleg2"},{"predicate":{"custom_model_data":275},"model":"modelengine:cubee-unicorn/leftear"},{"predicate":{"custom_model_data":276},"model":"modelengine:cubee-unicorn/lefteye"},{"predicate":{"custom_model_data":277},"model":"modelengine:cubee-unicorn/rightpupil"},{"predicate":{"custom_model_data":278},"model":"modelengine:cubee-unicorn/leftpupil"},{"predicate":{"custom_model_data":279},"model":"modelengine:cubee-chimera/head"},{"predicate":{"custom_model_data":280},"model":"modelengine:cubee-chimera/ef_flashv1_2"},{"predicate":{"custom_model_data":281},"model":"modelengine:cubee-chimera/ef_flashv1_1"},{"predicate":{"custom_model_data":282},"model":"modelengine:cubee-chimera/ef_flashv2_1"},{"predicate":{"custom_model_data":283},"model":"modelengine:cubee-chimera/ef_thunder"},{"predicate":{"custom_model_data":284},"model":"modelengine:cubee-chimera/leftleg"},{"predicate":{"custom_model_data":285},"model":"modelengine:cubee-chimera/leftleg2"},{"predicate":{"custom_model_data":286},"model":"modelengine:cubee-chimera/rightleg2"},{"predicate":{"custom_model_data":287},"model":"modelengine:cubee-chimera/leftwing"},{"predicate":{"custom_model_data":288},"model":"modelengine:cubee-chimera/jaw"},{"predicate":{"custom_model_data":289},"model":"modelengine:cubee-chimera/tail1"},{"predicate":{"custom_model_data":290},"model":"modelengine:cubee-chimera/lefteye"},{"predicate":{"custom_model_data":291},"model":"modelengine:cubee-chimera/righteye"},{"predicate":{"custom_model_data":292},"model":"modelengine:cubee-chimera/rightleg"},{"predicate":{"custom_model_data":293},"model":"modelengine:cubee-chimera/rightwing"},{"predicate":{"custom_model_data":294},"model":"modelengine:cubee-chimera/efcircle1"},{"predicate":{"custom_model_data":295},"model":"modelengine:cubee-chimera/efcircle2"},{"predicate":{"custom_model_data":296},"model":"modelengine:cubee-chimera/efcircle3"},{"predicate":{"custom_model_data":297},"model":"modelengine:cubee-chimera/tail2"},{"predicate":{"custom_model_data":298},"model":"modelengine:cubee-chimera/leftpupil"},{"predicate":{"custom_model_data":299},"model":"modelengine:cubee-chimera/rightpupil"},{"predicate":{"custom_model_data":300},"model":"modelengine:cubee-chimera/tail3"},{"predicate":{"custom_model_data":301},"model":"modelengine:cubee-chimera/tail4"},{"predicate":{"custom_model_data":302},"model":"modelengine:vfx-solar_guard/warn"},{"predicate":{"custom_model_data":303},"model":"modelengine:vfx-solar_guard/efball21"},{"predicate":{"custom_model_data":304},"model":"modelengine:vfx-solar_guard/efball22"},{"predicate":{"custom_model_data":305},"model":"modelengine:vfx-solar_guard/efball1"},{"predicate":{"custom_model_data":306},"model":"modelengine:vfx-solar_guard/efball10"},{"predicate":{"custom_model_data":307},"model":"modelengine:vfx-solar_guard/efball5"},{"predicate":{"custom_model_data":308},"model":"modelengine:vfx-solar_guard/efball6"},{"predicate":{"custom_model_data":309},"model":"modelengine:vfx-solar_guard/efball7"},{"predicate":{"custom_model_data":310},"model":"modelengine:vfx-solar_guard/efball15"},{"predicate":{"custom_model_data":311},"model":"modelengine:vfx-solar_guard/efball13"},{"predicate":{"custom_model_data":312},"model":"modelengine:vfx-solar_guard/efball9"},{"predicate":{"custom_model_data":313},"model":"modelengine:vfx-solar_guard/efball14"},{"predicate":{"custom_model_data":314},"model":"modelengine:vfx-solar_guard/efcircle1"},{"predicate":{"custom_model_data":315},"model":"modelengine:vfx-solar_guard/efball8"},{"predicate":{"custom_model_data":316},"model":"modelengine:vfx-solar_guard/efball18"},{"predicate":{"custom_model_data":317},"model":"modelengine:vfx-solar_guard/efball4"},{"predicate":{"custom_model_data":318},"model":"modelengine:vfx-solar_guard/efcircle4"},{"predicate":{"custom_model_data":319},"model":"modelengine:vfx-solar_guard/efball16"},{"predicate":{"custom_model_data":320},"model":"modelengine:vfx-solar_guard/efcircle3"},{"predicate":{"custom_model_data":321},"model":"modelengine:vfx-solar_guard/efball2"},{"predicate":{"custom_model_data":322},"model":"modelengine:vfx-solar_guard/efball17"},{"predicate":{"custom_model_data":323},"model":"modelengine:vfx-solar_guard/efball19"},{"predicate":{"custom_model_data":324},"model":"modelengine:vfx-solar_guard/efball3"},{"predicate":{"custom_model_data":325},"model":"modelengine:vfx-solar_guard/efball23"},{"predicate":{"custom_model_data":326},"model":"modelengine:vfx-solar_guard/efball11"},{"predicate":{"custom_model_data":327},"model":"modelengine:vfx-solar_guard/efball12"},{"predicate":{"custom_model_data":328},"model":"modelengine:vfx-solar_guard/efcircle2"},{"predicate":{"custom_model_data":329},"model":"modelengine:vfx-solar_guard/efball20"},{"predicate":{"custom_model_data":330},"model":"modelengine:vfx-solar_guard/bone"},{"predicate":{"custom_model_data":331},"model":"modelengine:vfx-solar_guard/group"},{"predicate":{"custom_model_data":332},"model":"modelengine:cubee-kumiho/head"},{"predicate":{"custom_model_data":333},"model":"modelengine:cubee-kumiho/efball6"},{"predicate":{"custom_model_data":334},"model":"modelengine:cubee-kumiho/ef_hit"},{"predicate":{"custom_model_data":335},"model":"modelengine:cubee-kumiho/efball2"},{"predicate":{"custom_model_data":336},"model":"modelengine:cubee-kumiho/efball4"},{"predicate":{"custom_model_data":337},"model":"modelengine:cubee-kumiho/efcircle1"},{"predicate":{"custom_model_data":338},"model":"modelengine:cubee-kumiho/efball3"},{"predicate":{"custom_model_data":339},"model":"modelengine:cubee-kumiho/efball8"},{"predicate":{"custom_model_data":340},"model":"modelengine:cubee-kumiho/efcircle3"},{"predicate":{"custom_model_data":341},"model":"modelengine:cubee-kumiho/efcircle2"},{"predicate":{"custom_model_data":342},"model":"modelengine:cubee-kumiho/efball1"},{"predicate":{"custom_model_data":343},"model":"modelengine:cubee-kumiho/efball7"},{"predicate":{"custom_model_data":344},"model":"modelengine:cubee-kumiho/bone5"},{"predicate":{"custom_model_data":345},"model":"modelengine:cubee-kumiho/efball5"},{"predicate":{"custom_model_data":346},"model":"modelengine:cubee-kumiho/rightleg"},{"predicate":{"custom_model_data":347},"model":"modelengine:cubee-kumiho/bone"},{"predicate":{"custom_model_data":348},"model":"modelengine:cubee-kumiho/tail3"},{"predicate":{"custom_model_data":349},"model":"modelengine:cubee-kumiho/leftarm"},{"predicate":{"custom_model_data":350},"model":"modelengine:cubee-kumiho/tail6"},{"predicate":{"custom_model_data":351},"model":"modelengine:cubee-kumiho/lefteye"},{"predicate":{"custom_model_data":352},"model":"modelengine:cubee-kumiho/rightear"},{"predicate":{"custom_model_data":353},"model":"modelengine:cubee-kumiho/tail9"},{"predicate":{"custom_model_data":354},"model":"modelengine:cubee-kumiho/tail4"},{"predicate":{"custom_model_data":355},"model":"modelengine:cubee-kumiho/tail7"},{"predicate":{"custom_model_data":356},"model":"modelengine:cubee-kumiho/tail8"},{"predicate":{"custom_model_data":357},"model":"modelengine:cubee-kumiho/tail1"},{"predicate":{"custom_model_data":358},"model":"modelengine:cubee-kumiho/tail5"},{"predicate":{"custom_model_data":359},"model":"modelengine:cubee-kumiho/leftleg"},{"predicate":{"custom_model_data":360},"model":"modelengine:cubee-kumiho/rightarm"},{"predicate":{"custom_model_data":361},"model":"modelengine:cubee-kumiho/tail2"},{"predicate":{"custom_model_data":362},"model":"modelengine:cubee-kumiho/leftear"},{"predicate":{"custom_model_data":363},"model":"modelengine:cubee-kumiho/righteye"},{"predicate":{"custom_model_data":364},"model":"modelengine:cubee-kumiho/ef_hit2"},{"predicate":{"custom_model_data":365},"model":"modelengine:cubee-kumiho/ef_hit3"},{"predicate":{"custom_model_data":366},"model":"modelengine:cubee-kumiho/ef_hit4"},{"predicate":{"custom_model_data":367},"model":"modelengine:cubee-kumiho/leftpupil"},{"predicate":{"custom_model_data":368},"model":"modelengine:cubee-kumiho/katana"},{"predicate":{"custom_model_data":369},"model":"modelengine:cubee-kumiho/rightpupil"},{"predicate":{"custom_model_data":370},"model":"modelengine:cubee-kumiho/head3"},{"predicate":{"custom_model_data":371},"model":"modelengine:cubee-kumiho/head2"},{"predicate":{"custom_model_data":372},"model":"modelengine:cubee-kumiho/head4"},{"predicate":{"custom_model_data":373},"model":"modelengine:cubee-kumiho/tail33"},{"predicate":{"custom_model_data":374},"model":"modelengine:cubee-kumiho/tail19"},{"predicate":{"custom_model_data":375},"model":"modelengine:cubee-kumiho/rightleg3"},{"predicate":{"custom_model_data":376},"model":"modelengine:cubee-kumiho/tail36"},{"predicate":{"custom_model_data":377},"model":"modelengine:cubee-kumiho/lefteye3"},{"predicate":{"custom_model_data":378},"model":"modelengine:cubee-kumiho/tail29"},{"predicate":{"custom_model_data":379},"model":"modelengine:cubee-kumiho/leftarm3"},{"predicate":{"custom_model_data":380},"model":"modelengine:cubee-kumiho/rightear3"},{"predicate":{"custom_model_data":381},"model":"modelengine:cubee-kumiho/bone3"},{"predicate":{"custom_model_data":382},"model":"modelengine:cubee-kumiho/rightarm3"},{"predicate":{"custom_model_data":383},"model":"modelengine:cubee-kumiho/tail32"},{"predicate":{"custom_model_data":384},"model":"modelengine:cubee-kumiho/tail35"},{"predicate":{"custom_model_data":385},"model":"modelengine:cubee-kumiho/tail30"},{"predicate":{"custom_model_data":386},"model":"modelengine:cubee-kumiho/righteye3"},{"predicate":{"custom_model_data":387},"model":"modelengine:cubee-kumiho/tail31"},{"predicate":{"custom_model_data":388},"model":"modelengine:cubee-kumiho/leftleg3"},{"predicate":{"custom_model_data":389},"model":"modelengine:cubee-kumiho/leftear3"},{"predicate":{"custom_model_data":390},"model":"modelengine:cubee-kumiho/tail34"},{"predicate":{"custom_model_data":391},"model":"modelengine:cubee-kumiho/bone2"},{"predicate":{"custom_model_data":392},"model":"modelengine:cubee-kumiho/rightarm2"},{"predicate":{"custom_model_data":393},"model":"modelengine:cubee-kumiho/leftear2"},{"predicate":{"custom_model_data":394},"model":"modelengine:cubee-kumiho/rightear2"},{"predicate":{"custom_model_data":395},"model":"modelengine:cubee-kumiho/tail13"},{"predicate":{"custom_model_data":396},"model":"modelengine:cubee-kumiho/tail16"},{"predicate":{"custom_model_data":397},"model":"modelengine:cubee-kumiho/tail12"},{"predicate":{"custom_model_data":398},"model":"modelengine:cubee-kumiho/leftarm2"},{"predicate":{"custom_model_data":399},"model":"modelengine:cubee-kumiho/tail10"},{"predicate":{"custom_model_data":400},"model":"modelengine:cubee-kumiho/tail17"},{"predicate":{"custom_model_data":401},"model":"modelengine:cubee-kumiho/lefteye2"},{"predicate":{"custom_model_data":402},"model":"modelengine:cubee-kumiho/righteye2"},{"predicate":{"custom_model_data":403},"model":"modelengine:cubee-kumiho/tail14"},{"predicate":{"custom_model_data":404},"model":"modelengine:cubee-kumiho/tail18"},{"predicate":{"custom_model_data":405},"model":"modelengine:cubee-kumiho/rightleg2"},{"predicate":{"custom_model_data":406},"model":"modelengine:cubee-kumiho/leftleg2"},{"predicate":{"custom_model_data":407},"model":"modelengine:cubee-kumiho/tail11"},{"predicate":{"custom_model_data":408},"model":"modelengine:cubee-kumiho/tail15"},{"predicate":{"custom_model_data":409},"model":"modelengine:cubee-kumiho/bone4"},{"predicate":{"custom_model_data":410},"model":"modelengine:cubee-kumiho/tail26"},{"predicate":{"custom_model_data":411},"model":"modelengine:cubee-kumiho/leftarm4"},{"predicate":{"custom_model_data":412},"model":"modelengine:cubee-kumiho/tail25"},{"predicate":{"custom_model_data":413},"model":"modelengine:cubee-kumiho/tail28"},{"predicate":{"custom_model_data":414},"model":"modelengine:cubee-kumiho/tail22"},{"predicate":{"custom_model_data":415},"model":"modelengine:cubee-kumiho/leftleg4"},{"predicate":{"custom_model_data":416},"model":"modelengine:cubee-kumiho/leftear4"},{"predicate":{"custom_model_data":417},"model":"modelengine:cubee-kumiho/rightear4"},{"predicate":{"custom_model_data":418},"model":"modelengine:cubee-kumiho/tail24"},{"predicate":{"custom_model_data":419},"model":"modelengine:cubee-kumiho/righteye4"},{"predicate":{"custom_model_data":420},"model":"modelengine:cubee-kumiho/tail21"},{"predicate":{"custom_model_data":421},"model":"modelengine:cubee-kumiho/rightleg4"},{"predicate":{"custom_model_data":422},"model":"modelengine:cubee-kumiho/tail20"},{"predicate":{"custom_model_data":423},"model":"modelengine:cubee-kumiho/tail23"},{"predicate":{"custom_model_data":424},"model":"modelengine:cubee-kumiho/tail27"},{"predicate":{"custom_model_data":425},"model":"modelengine:cubee-kumiho/rightarm4"},{"predicate":{"custom_model_data":426},"model":"modelengine:cubee-kumiho/lefteye4"},{"predicate":{"custom_model_data":427},"model":"modelengine:cubee-kumiho/leftpupil3"},{"predicate":{"custom_model_data":428},"model":"modelengine:cubee-kumiho/katana3"},{"predicate":{"custom_model_data":429},"model":"modelengine:cubee-kumiho/rightpupil3"},{"predicate":{"custom_model_data":430},"model":"modelengine:cubee-kumiho/leftpupil2"},{"predicate":{"custom_model_data":431},"model":"modelengine:cubee-kumiho/rightpupil2"},{"predicate":{"custom_model_data":432},"model":"modelengine:cubee-kumiho/katana2"},{"predicate":{"custom_model_data":433},"model":"modelengine:cubee-kumiho/katana4"},{"predicate":{"custom_model_data":434},"model":"modelengine:cubee-kumiho/rightpupil4"},{"predicate":{"custom_model_data":435},"model":"modelengine:cubee-kumiho/leftpupil4"},{"predicate":{"custom_model_data":436},"model":"modelengine:cubee-crescent_guard/head"},{"predicate":{"custom_model_data":437},"model":"modelengine:cubee-crescent_guard/ef_beam4"},{"predicate":{"custom_model_data":438},"model":"modelengine:cubee-crescent_guard/ef_beam5"},{"predicate":{"custom_model_data":439},"model":"modelengine:cubee-crescent_guard/ef_beam7"},{"predicate":{"custom_model_data":440},"model":"modelengine:cubee-crescent_guard/ef_beam2"},{"predicate":{"custom_model_data":441},"model":"modelengine:cubee-crescent_guard/ef_beam1"},{"predicate":{"custom_model_data":442},"model":"modelengine:cubee-crescent_guard/ef_beam9"},{"predicate":{"custom_model_data":443},"model":"modelengine:cubee-crescent_guard/ef_beam3"},{"predicate":{"custom_model_data":444},"model":"modelengine:cubee-crescent_guard/ef_beam8"},{"predicate":{"custom_model_data":445},"model":"modelengine:cubee-crescent_guard/ef_beam6"},{"predicate":{"custom_model_data":446},"model":"modelengine:cubee-crescent_guard/ef_beam10"},{"predicate":{"custom_model_data":447},"model":"modelengine:cubee-crescent_guard/efcircle8"},{"predicate":{"custom_model_data":448},"model":"modelengine:cubee-crescent_guard/efcircle10"},{"predicate":{"custom_model_data":449},"model":"modelengine:cubee-crescent_guard/efcircle4"},{"predicate":{"custom_model_data":450},"model":"modelengine:cubee-crescent_guard/efcircle9"},{"predicate":{"custom_model_data":451},"model":"modelengine:cubee-crescent_guard/efcircle6"},{"predicate":{"custom_model_data":452},"model":"modelengine:cubee-crescent_guard/efcircle7"},{"predicate":{"custom_model_data":453},"model":"modelengine:cubee-crescent_guard/efcircle2"},{"predicate":{"custom_model_data":454},"model":"modelengine:cubee-crescent_guard/efcircle5"},{"predicate":{"custom_model_data":455},"model":"modelengine:cubee-crescent_guard/efcircle1"},{"predicate":{"custom_model_data":456},"model":"modelengine:cubee-crescent_guard/efcircle3"},{"predicate":{"custom_model_data":457},"model":"modelengine:cubee-crescent_guard/bone"},{"predicate":{"custom_model_data":458},"model":"modelengine:cubee-crescent_guard/bone4"},{"predicate":{"custom_model_data":459},"model":"modelengine:cubee-crescent_guard/bone3"},{"predicate":{"custom_model_data":460},"model":"modelengine:cubee-crescent_guard/bone5"},{"predicate":{"custom_model_data":461},"model":"modelengine:cubee-crescent_guard/bone2"},{"predicate":{"custom_model_data":462},"model":"modelengine:cubee-crescent_guard/jaw"},{"predicate":{"custom_model_data":463},"model":"modelengine:cubee-crescent_guard/rightleg2"},{"predicate":{"custom_model_data":464},"model":"modelengine:cubee-crescent_guard/righteye"},{"predicate":{"custom_model_data":465},"model":"modelengine:cubee-crescent_guard/rightleg"},{"predicate":{"custom_model_data":466},"model":"modelengine:cubee-crescent_guard/tail"},{"predicate":{"custom_model_data":467},"model":"modelengine:cubee-crescent_guard/lefteye"},{"predicate":{"custom_model_data":468},"model":"modelengine:cubee-crescent_guard/leftleg"},{"predicate":{"custom_model_data":469},"model":"modelengine:cubee-crescent_guard/lunar"},{"predicate":{"custom_model_data":470},"model":"modelengine:cubee-crescent_guard/leftleg2"},{"predicate":{"custom_model_data":471},"model":"modelengine:cubee-crescent_guard/rightpupil"},{"predicate":{"custom_model_data":472},"model":"modelengine:cubee-crescent_guard/leftpupil"},{"predicate":{"custom_model_data":473},"model":"modelengine:cubee-maneki_neko/head"},{"predicate":{"custom_model_data":474},"model":"modelengine:cubee-maneki_neko/ef_clawc2_1"},{"predicate":{"custom_model_data":475},"model":"modelengine:cubee-maneki_neko/ef_clawc1_1"},{"predicate":{"custom_model_data":476},"model":"modelengine:cubee-maneki_neko/efcircle2"},{"predicate":{"custom_model_data":477},"model":"modelengine:cubee-maneki_neko/efcircle1"},{"predicate":{"custom_model_data":478},"model":"modelengine:cubee-maneki_neko/rightleg2"},{"predicate":{"custom_model_data":479},"model":"modelengine:cubee-maneki_neko/righteye"},{"predicate":{"custom_model_data":480},"model":"modelengine:cubee-maneki_neko/lefteye"},{"predicate":{"custom_model_data":481},"model":"modelengine:cubee-maneki_neko/leftleg2"},{"predicate":{"custom_model_data":482},"model":"modelengine:cubee-maneki_neko/tail"},{"predicate":{"custom_model_data":483},"model":"modelengine:cubee-maneki_neko/jaw"},{"predicate":{"custom_model_data":484},"model":"modelengine:cubee-maneki_neko/rightleg"},{"predicate":{"custom_model_data":485},"model":"modelengine:cubee-maneki_neko/tail3"},{"predicate":{"custom_model_data":486},"model":"modelengine:cubee-maneki_neko/leftleg"},{"predicate":{"custom_model_data":487},"model":"modelengine:cubee-maneki_neko/head2"},{"predicate":{"custom_model_data":488},"model":"modelengine:cubee-maneki_neko/efball4"},{"predicate":{"custom_model_data":489},"model":"modelengine:cubee-maneki_neko/efball8"},{"predicate":{"custom_model_data":490},"model":"modelengine:cubee-maneki_neko/efball9"},{"predicate":{"custom_model_data":491},"model":"modelengine:cubee-maneki_neko/efball1"},{"predicate":{"custom_model_data":492},"model":"modelengine:cubee-maneki_neko/efball6"},{"predicate":{"custom_model_data":493},"model":"modelengine:cubee-maneki_neko/efball2"},{"predicate":{"custom_model_data":494},"model":"modelengine:cubee-maneki_neko/efball3"},{"predicate":{"custom_model_data":495},"model":"modelengine:cubee-maneki_neko/efball7"},{"predicate":{"custom_model_data":496},"model":"modelengine:cubee-maneki_neko/efball5"},{"predicate":{"custom_model_data":497},"model":"modelengine:cubee-maneki_neko/head3"},{"predicate":{"custom_model_data":498},"model":"modelengine:cubee-maneki_neko/rightpupil"},{"predicate":{"custom_model_data":499},"model":"modelengine:cubee-maneki_neko/leftpupil"},{"predicate":{"custom_model_data":500},"model":"modelengine:cubee-maneki_neko/tail2"},{"predicate":{"custom_model_data":501},"model":"modelengine:cubee-maneki_neko/tail4"},{"predicate":{"custom_model_data":502},"model":"modelengine:cubee-maneki_neko/leftleg3"},{"predicate":{"custom_model_data":503},"model":"modelengine:cubee-maneki_neko/rightleg3"},{"predicate":{"custom_model_data":504},"model":"modelengine:cubee-maneki_neko/jaw2"},{"predicate":{"custom_model_data":505},"model":"modelengine:cubee-maneki_neko/rightleg4"},{"predicate":{"custom_model_data":506},"model":"modelengine:cubee-maneki_neko/righteye2"},{"predicate":{"custom_model_data":507},"model":"modelengine:cubee-maneki_neko/leftleg4"},{"predicate":{"custom_model_data":508},"model":"modelengine:cubee-maneki_neko/tail7"},{"predicate":{"custom_model_data":509},"model":"modelengine:cubee-maneki_neko/lefteye2"},{"predicate":{"custom_model_data":510},"model":"modelengine:cubee-maneki_neko/efball12"},{"predicate":{"custom_model_data":511},"model":"modelengine:cubee-maneki_neko/efball10"},{"predicate":{"custom_model_data":512},"model":"modelengine:cubee-maneki_neko/efball11"},{"predicate":{"custom_model_data":513},"model":"modelengine:cubee-maneki_neko/rightleg6"},{"predicate":{"custom_model_data":514},"model":"modelengine:cubee-maneki_neko/jaw3"},{"predicate":{"custom_model_data":515},"model":"modelengine:cubee-maneki_neko/leftleg5"},{"predicate":{"custom_model_data":516},"model":"modelengine:cubee-maneki_neko/righteye3"},{"predicate":{"custom_model_data":517},"model":"modelengine:cubee-maneki_neko/lefteye3"},{"predicate":{"custom_model_data":518},"model":"modelengine:cubee-maneki_neko/rightleg5"},{"predicate":{"custom_model_data":519},"model":"modelengine:cubee-maneki_neko/leftleg6"},{"predicate":{"custom_model_data":520},"model":"modelengine:cubee-maneki_neko/tail6"},{"predicate":{"custom_model_data":521},"model":"modelengine:cubee-maneki_neko/rightpupil2"},{"predicate":{"custom_model_data":522},"model":"modelengine:cubee-maneki_neko/tail8"},{"predicate":{"custom_model_data":523},"model":"modelengine:cubee-maneki_neko/leftpupil2"},{"predicate":{"custom_model_data":524},"model":"modelengine:cubee-maneki_neko/rightpupil3"},{"predicate":{"custom_model_data":525},"model":"modelengine:cubee-maneki_neko/leftpupil3"},{"predicate":{"custom_model_data":526},"model":"modelengine:cubee-maneki_neko/tail5"},{"predicate":{"custom_model_data":527},"model":"modelengine:cubee-yeti/efcircle3"},{"predicate":{"custom_model_data":528},"model":"modelengine:cubee-yeti/ef_ice10"},{"predicate":{"custom_model_data":529},"model":"modelengine:cubee-yeti/ef_ice5"},{"predicate":{"custom_model_data":530},"model":"modelengine:cubee-yeti/group"},{"predicate":{"custom_model_data":531},"model":"modelengine:cubee-yeti/ef_ice7"},{"predicate":{"custom_model_data":532},"model":"modelengine:cubee-yeti/ef_ice8"},{"predicate":{"custom_model_data":533},"model":"modelengine:cubee-yeti/ef_ice3"},{"predicate":{"custom_model_data":534},"model":"modelengine:cubee-yeti/ef_ice"},{"predicate":{"custom_model_data":535},"model":"modelengine:cubee-yeti/ef_ice6"},{"predicate":{"custom_model_data":536},"model":"modelengine:cubee-yeti/ef_ice2"},{"predicate":{"custom_model_data":537},"model":"modelengine:cubee-yeti/ef_ice4"},{"predicate":{"custom_model_data":538},"model":"modelengine:cubee-yeti/ef_ice9"},{"predicate":{"custom_model_data":539},"model":"modelengine:cubee-yeti/efcircle2"},{"predicate":{"custom_model_data":540},"model":"modelengine:cubee-yeti/efcircle1"},{"predicate":{"custom_model_data":541},"model":"modelengine:cubee-yeti/head/2"},{"predicate":{"custom_model_data":542},"model":"modelengine:cubee-yeti/head/1"},{"predicate":{"custom_model_data":543},"model":"modelengine:cubee-yeti/head"},{"predicate":{"custom_model_data":544},"model":"modelengine:cubee-yeti/efball5"},{"predicate":{"custom_model_data":545},"model":"modelengine:cubee-yeti/efball1"},{"predicate":{"custom_model_data":546},"model":"modelengine:cubee-yeti/efball2"},{"predicate":{"custom_model_data":547},"model":"modelengine:cubee-yeti/efball3"},{"predicate":{"custom_model_data":548},"model":"modelengine:cubee-yeti/efball4"},{"predicate":{"custom_model_data":549},"model":"modelengine:cubee-yeti/leftarm"},{"predicate":{"custom_model_data":550},"model":"modelengine:cubee-yeti/lefteye"},{"predicate":{"custom_model_data":551},"model":"modelengine:cubee-yeti/righteye"},{"predicate":{"custom_model_data":552},"model":"modelengine:cubee-yeti/rightleg"},{"predicate":{"custom_model_data":553},"model":"modelengine:cubee-yeti/rightarm"},{"predicate":{"custom_model_data":554},"model":"modelengine:cubee-yeti/leftleg"},{"predicate":{"custom_model_data":555},"model":"modelengine:cubee-yeti/leftpupil"},{"predicate":{"custom_model_data":556},"model":"modelengine:cubee-yeti/rightpupil"},{"predicate":{"custom_model_data":557},"model":"modelengine:cubee-cerberus/head2"},{"predicate":{"custom_model_data":558},"model":"modelengine:cubee-cerberus/leftarm"},{"predicate":{"custom_model_data":559},"model":"modelengine:cubee-cerberus/head1"},{"predicate":{"custom_model_data":560},"model":"modelengine:cubee-cerberus/rightarm"},{"predicate":{"custom_model_data":561},"model":"modelengine:cubee-cerberus/head3"},{"predicate":{"custom_model_data":562},"model":"modelengine:cubee-cerberus/effireball1_4"},{"predicate":{"custom_model_data":563},"model":"modelengine:cubee-cerberus/effireball1_7"},{"predicate":{"custom_model_data":564},"model":"modelengine:cubee-cerberus/effireball1_5"},{"predicate":{"custom_model_data":565},"model":"modelengine:cubee-cerberus/effireball1_1"},{"predicate":{"custom_model_data":566},"model":"modelengine:cubee-cerberus/effireball1_3"},{"predicate":{"custom_model_data":567},"model":"modelengine:cubee-cerberus/effireball1_11"},{"predicate":{"custom_model_data":568},"model":"modelengine:cubee-cerberus/effireball1_2"},{"predicate":{"custom_model_data":569},"model":"modelengine:cubee-cerberus/effireball1_8"},{"predicate":{"custom_model_data":570},"model":"modelengine:cubee-cerberus/effireball1_9"},{"predicate":{"custom_model_data":571},"model":"modelengine:cubee-cerberus/effireball1_10"},{"predicate":{"custom_model_data":572},"model":"modelengine:cubee-cerberus/effireball1_6"},{"predicate":{"custom_model_data":573},"model":"modelengine:cubee-cerberus/ef_f_o3"},{"predicate":{"custom_model_data":574},"model":"modelengine:cubee-cerberus/ef_f_w3"},{"predicate":{"custom_model_data":575},"model":"modelengine:cubee-cerberus/ef_f_b3"},{"predicate":{"custom_model_data":576},"model":"modelengine:cubee-cerberus/ef_f_o2"},{"predicate":{"custom_model_data":577},"model":"modelengine:cubee-cerberus/ef_f_w2"},{"predicate":{"custom_model_data":578},"model":"modelengine:cubee-cerberus/ef_f_b2"},{"predicate":{"custom_model_data":579},"model":"modelengine:cubee-cerberus/ef_f_o5"},{"predicate":{"custom_model_data":580},"model":"modelengine:cubee-cerberus/ef_f_w5"},{"predicate":{"custom_model_data":581},"model":"modelengine:cubee-cerberus/ef_f_b5"},{"predicate":{"custom_model_data":582},"model":"modelengine:cubee-cerberus/efcircle1"},{"predicate":{"custom_model_data":583},"model":"modelengine:cubee-cerberus/efcircle3"},{"predicate":{"custom_model_data":584},"model":"modelengine:cubee-cerberus/efcircle2"},{"predicate":{"custom_model_data":585},"model":"modelengine:cubee-cerberus/ef_f_o"},{"predicate":{"custom_model_data":586},"model":"modelengine:cubee-cerberus/ef_f_b"},{"predicate":{"custom_model_data":587},"model":"modelengine:cubee-cerberus/ef_f_w"},{"predicate":{"custom_model_data":588},"model":"modelengine:cubee-cerberus/ef_f_b4"},{"predicate":{"custom_model_data":589},"model":"modelengine:cubee-cerberus/ef_f_o4"},{"predicate":{"custom_model_data":590},"model":"modelengine:cubee-cerberus/ef_f_w4"},{"predicate":{"custom_model_data":591},"model":"modelengine:cubee-cerberus/righteye2"},{"predicate":{"custom_model_data":592},"model":"modelengine:cubee-cerberus/lefteye2"},{"predicate":{"custom_model_data":593},"model":"modelengine:cubee-cerberus/jaw2"},{"predicate":{"custom_model_data":594},"model":"modelengine:cubee-cerberus/chain6"},{"predicate":{"custom_model_data":595},"model":"modelengine:cubee-cerberus/leftarm2"},{"predicate":{"custom_model_data":596},"model":"modelengine:cubee-cerberus/lefteye"},{"predicate":{"custom_model_data":597},"model":"modelengine:cubee-cerberus/chain1"},{"predicate":{"custom_model_data":598},"model":"modelengine:cubee-cerberus/jaw"},{"predicate":{"custom_model_data":599},"model":"modelengine:cubee-cerberus/righteye"},{"predicate":{"custom_model_data":600},"model":"modelengine:cubee-cerberus/rightarm2"},{"predicate":{"custom_model_data":601},"model":"modelengine:cubee-cerberus/chain9"},{"predicate":{"custom_model_data":602},"model":"modelengine:cubee-cerberus/righteye3"},{"predicate":{"custom_model_data":603},"model":"modelengine:cubee-cerberus/jaw3"},{"predicate":{"custom_model_data":604},"model":"modelengine:cubee-cerberus/lefteye3"},{"predicate":{"custom_model_data":605},"model":"modelengine:cubee-cerberus/chain7"},{"predicate":{"custom_model_data":606},"model":"modelengine:cubee-cerberus/chain2"},{"predicate":{"custom_model_data":607},"model":"modelengine:cubee-cerberus/chain10"},{"predicate":{"custom_model_data":608},"model":"modelengine:cubee-cerberus/chain8"},{"predicate":{"custom_model_data":609},"model":"modelengine:cubee-cerberus/chain3"},{"predicate":{"custom_model_data":610},"model":"modelengine:cubee-cerberus/chain11"},{"predicate":{"custom_model_data":611},"model":"modelengine:cubee-cerberus/chain4"},{"predicate":{"custom_model_data":612},"model":"modelengine:cubee-cerberus/chain5"}],"parent":"minecraft:item/generated","textures":{"layer0":"minecraft:item/leather_horse_armor"}}